tytul_pl,rok,kraj,sekcja,url,reżyseria,scenariusz,zdjęcia,montaż,muzyka,dźwięk,producent,produkcja,obsada,blad
9 świątyń w drodze do nieba,2026,"Singapur, Francja, Norwegia, Chiny, Hongkong, Indonezja, Katar, Tajlandia",Międzynarodowy Konkurs Nowe Horyzonty,https://www.nowehoryzonty.pl/program/26/9-swiatyn-w-drodze-do-nieba,Sompot Chidgasornpongse,Sompot Chidgasornpongse,Jonathan Ricquebourg,"Tham Kattiyakul, Jirapat Mekkrajai, Daniel Hui, Sompot Chidgasornpongse",,"Akritchalerm Kalayanamitr, Chalermrat Kaweewattana, Lim Ting Li","Kissada Kamyoung, Apichatpong Weerasethakul","E&W Films, Kick the Machine, Petit Chaos","Amara Ramnarong, Surachai Ningsanond, Jirawut Chiwaruck, Yaneenan Jiraphatjittrin, Klaichan Phunman, Sompop Songkampol, Poon Sirapob, Yada Karnjanisakorn, Nichmon Shintadapong",
Barrio triste,2025,"Kolumbia, USA",Międzynarodowy Konkurs Nowe Horyzonty,https://www.nowehoryzonty.pl/program/26/barrio-triste,Stillz,Stillz,Stillz,Adam Robinson,Arca,Leslie Shatz kostiumy Ana María Acosta scenografia Daniel Rincón Zapata,"James Clauer, Eric Kohn, Esteban Zuluaga","EDGLRD, WeOwntheCity","Juan Pablo Baena, Samuel Velázquez, Tomás Tinoco Higuita, Samuel Andrés Celis, Brahian Acevedo, Estiven Salazar,Brayan Erlín García, José Arley Marín González, Samuel Ruiz",
Dryfy,2025,"Szwajcaria, Argentyna",Międzynarodowy Konkurs Nowe Horyzonty,https://www.nowehoryzonty.pl/program/26/dryfy,Milagros Mumenthaler,Milagros Mumenthaler,Gabriel Sandru,Gion-Reto Killias,,"Carlos Ibañez Diaz, Federico Esquerro, Denis Séchaud kostiumy Simona Martínez scenografia Ailí Chen charakteryzacja Marina Aebi","Violeta Bava, David Epiney, Rosa Martínez Rivero, Eugenia Mumenthaler","Alina Film, Ruda Cine","Isabel Aimé González-Sola, Mauricio Bertorello, Sara Bessio, Esteban Bigliardi, Jazmín Carballo, Emma Fayo Duarte",
Everytime,2026,"Niemcy, Austria",Międzynarodowy Konkurs Nowe Horyzonty,https://www.nowehoryzonty.pl/program/26/everytime,Sandra Wollner,Sandra Wollner,Gregory Oke,Hannes Bruun,"Timm Kröger, Peter Kutin, David Schweighart kostiumy Hanna Rode scenografia Gerald Freimuth, Julia Libiseller",,"David Bohun, Camille Chanel, Lixi Frank, Viktoria Stolpe","Charades, Panama Film, The Barricades","Birgit Minichmayr, Lotte Shirin Keiling, Tristan López, Carla Hüttermann, Naomi Elia Richard",
Gradiva,2026,Francja,Międzynarodowy Konkurs Nowe Horyzonty,https://www.nowehoryzonty.pl/program/26/gradiva,Marine Atlan,"Marine Atlan, Anne Brouillet","Marine Atlan, Pierre Mazoyer",Guillaume Lillo scenografia Anna Le Mouël charakteryzacja Marjolaine Vialle,,,Inès Daïen Dasi,"Les Films du Poisson, Arte France Cinéma, Bibi Films, MK2","Colas Quignard, Suzanne Gerin, Mitia Capellier, Antonia Buresi, Hadya Fofana, Mathéo De Carlo",
Miejsca obiecane,2026,"Serbia, Kambodża, Francja, Niemcy",Międzynarodowy Konkurs Nowe Horyzonty,https://www.nowehoryzonty.pl/program/26/miejsca-obiecane,Ivan Marković,"Tanja Šljivar, Ivan Marković","Ivan Marković, Katharina Hauke",Ivan Marković,,,"Jasmina Sijerčić, Zsofi Lili Kovacs, Jelena Radenković, Daniel Mattes","Bocalupo Films, Fiskultura Films, Big Time Production, Anti-Archive","Vollak Kong, Chea Loch, Theara Or",
Pewnego razu w Harlemie,2026,USA,Międzynarodowy Konkurs Nowe Horyzonty,https://www.nowehoryzonty.pl/program/26/pewnego-razu-w-harlemie,"William Greaves, David Greaves","William Greaves, David Greaves","David Greaves, Doug Harris, David Hoffman, Jerry Pantzer","Lynn True, Anne de Mare",Tamar-kali,"Clive Davidson, Roland Mitchell","Liani Greaves, Anne de Mare",William Greaves Productions,Arna Bontemps,
Pokaz laureata Grand Prix Międzynarodowego Konkursu Nowe Horyzonty,,,Międzynarodowy Konkurs Nowe Horyzonty,https://www.nowehoryzonty.pl/program/26/pokaz-grand-prix,,,,,,,,,,brak bloku creditsow
Pokaz laureata Nagrody Publiczności w Międzynarodowym Konkursie Nowe Horyzonty,,,Międzynarodowy Konkurs Nowe Horyzonty,https://www.nowehoryzonty.pl/program/26/pokaz-nagrody-publicznosci,,,,,,,,,,brak bloku creditsow
Spadający liść,2025,"Niemcy, Gruzja",Międzynarodowy Konkurs Nowe Horyzonty,https://www.nowehoryzonty.pl/program/26/spadajacy-lisc,Aleksandre Koberidze,Aleksandre Koberidze,Aleksandre Koberidze,Aleksandre Koberidze,Giorgi Koberidze,Giorgi Koberidze,"Luise Hauschild, Aleksandre Koberidze, Mariam Shatberashvili",New Matter Films,"Giorgi Bochorishvili, Irina Chelidze, Irina Chelidze, Vakhtang Fanchulidze, David Koberidze, Otar Nijaradze",
The Meltdown,2026,"Chile, USA, Hiszpania, Meksyk",Międzynarodowy Konkurs Nowe Horyzonty,https://www.nowehoryzonty.pl/program/26/the-meltdown,Manuela Martelli,Manuela Martelli,Benjamín Echazarreta,Yibrán Asuad,Mariá Portugal,Javier Umpierrez kostiumy Carolina Espina scenografia Nohemí González,"Alejandra Garcia, Alex C. Lo, Andrés Wood","Ronda Cine, Cinema Inutile, Wood Producciones polski dystrybutor So Films","Maya O'Rourke, Saskia Rosendahl, Maia Domagala, Jakub Gierszał, Paulina Urrutia, Mauricio Pešutić",
"Włosy, papier, woda...",2025,"Francja, Belgia, Wietnam",Międzynarodowy Konkurs Nowe Horyzonty,https://www.nowehoryzonty.pl/program/26/wlosy-papier-woda,"Nicolas Graux, Minh Quý Truong","Nicolas Graux, Minh Quý Truong",Nicolas Graux,Minh Quý Truong,Michael Stearns,,"Petit Chaos, Julie Freres, Julien Graff, Thomas Hakim","Dérives, Petit Chaos, Lagi Films","Thi Hau Cao, Xuan Doanh Cao, Thi Hieu Cao, Thi Bat Cao",
Zawiany las,2026,"Belgia, Francja",Międzynarodowy Konkurs Nowe Horyzonty,https://www.nowehoryzonty.pl/program/26/zawiany-las,Manon Coubia,Manon Coubia,Robin Fresson,Theophile Gay-Mazas,,"Aline Huber, Vincent Nouaille, Samuel Mittelman","Tom Durand-Bonnard, Jérémy van der Haegen, Nicolas Rincon Gille, Manon Coubia, Charlotte Vincent, Katia Khazak","The Blue Raincoat, Aurora Films","Salomé Richard, Aurélia Petit, Anne Coesens, Arthur Marbaix, Yoann Zimmer",
Źródło życia,2026,"Słowacja, Czechy, Węgry",Międzynarodowy Konkurs Nowe Horyzonty,https://www.nowehoryzonty.pl/program/26/zrodlo-zycia,Ivan Ostrochovský,"Marek Lescák, Ivan Ostrochovský",Juraj Chlpík,"Josef Krajbich, Martin Malo",Michal Novinski​,"Dušan Kozák, Martin Jílek","Ivan Ostrochovský, Albert Malinovský, Katarína Tomková, Pavel Strnad, Petr Oukropec","Punkchart Films, Negativ, Ceská Televize, Proton Cinema, Slovak Television and Radio","Anna Geislerová, Simona Boledovičová, Eva Mores, Vlad Ivanov, Éva Bandor, Attila Mokos",
Czarna kula,2026,"Hiszpania, Francja",Pokazy Galowe,https://www.nowehoryzonty.pl/program/26/czarna-kula,"Javier Calvo, Javier Ambrossi","Javier Calvo, Javier Ambrossi",Gris Jordana,Alberto Gutiérrez,Raül Fernandez Miró kostiumy Ana López Cobos scenografia Roger Bellés,,"Javier Calvo, Javier Ambrossi, Jorge Pezzi","Atresmedia Cine, Crea SGR, El Deseo, Le Pacte, Los Esquiadores, Movistar Plus, Suma Content, Telefónica Audiovisual Digital polski dystrybutor Gutek Film","Penélope Cruz, Glenn Close, Lorenzo Zurzolo, Carlos González, Julio Torre, Lola Dueñas",
Człowiek epoki,2026,"Francja, Belgia",Pokazy Galowe,https://www.nowehoryzonty.pl/program/26/czlowiek-epoki,Emmanuel Marre,"Julie Lecoustre, Emmanuel Marre",Olivier Boonjing,Nicolas Rumpl,,"Antoine Bailly kostiumy Prunelle Rulens scenografia Anna Falguères charakteryzacja Alizée Gaie, Nina Vial","Sébastien Andres, Jules Grange, Alice Lemaire, Alexandre Perrier","Charades, Condor, Kidam","Swann Arlaud, Sandrine Blancke, Mathieu Perotto, Harpo Guit, Mathilde Abd El Kader",
Daleko od brzegu,2026,"Wielka Brytania, USA",Pokazy Galowe,https://www.nowehoryzonty.pl/program/26/daleko-od-brzegu,Lance Hammer,Lance Hammer,Adolpho Veloso,Lance Hammer,,Kent Sparling kostiumy Saffron Cullane charakteryzacja Nicole Stafford,"Tristan Goligher, Lance Hammer","The Bureau, Alluvial Film Company polski dystrybutor Aurora Films","Juliette Binoche, Tom Courtenay, Anna Calder-Marshall, Florence Hunt",
EXOTIC,2026,Polska,Pokazy Galowe,https://www.nowehoryzonty.pl/program/26/exotic,Sonja Orlewicz-Zakrzewska,Sonja Orlewicz-Zakrzewska,Adam Suzin,Tomasz Kajetan Naruszewicz,Tymoteusz Papior,Marta Weronika Werońska kostiumy Sebastian Tokarczyk scenografia Jana Łączyńska charakteryzacja Aneta Brzozowska,"Magdalena Sztorc, Anna Zajączkowska",Mozaika Films polski dystrybutor Gutek Film,"Jaśmina Polak, Magdalena Koleśnik, Monika Frajczyk, Karolina Kowalska, Hubert Miłkowski, Bartosz Bielenia",
Fiord,2026,"Rumunia, Francja, Norwegia, Dania, Finlandia, Szwecja",Pokazy Galowe,https://www.nowehoryzonty.pl/program/26/fiord,Cristian Mungiu,Cristian Mungiu,Tudor Vladimir Panduru,Mircea Olteanu,"Kaspar Kaae kostiumy Kirsi Gum scenografia Marius Winje Brustad charakteryzacja Live Becker Knudsen, Ingrid Opdahl",,"Pascal Caucheteux, Dyveke Bjørkly Graver, Cristian Mungiu, Andrea Berentsen Ottmar, Marco Perego, Tudor Reu","Mobra Films, Why Not Productions, Eye Eye Pictures, Snowglobe Films, Aamu Filmcompany, Filmgate Films, Garage Film International polski dystrybutor Gutek Film","Renate Reinsve, Sebastian Stan, Lisa Loven Kongsli, Thorbjørn Harr, Giulia Nahmany, Ellen Dorrit Petersen",
Gentle Monster,2026,"Austria, Niemcy, Francja, Szwecja",Pokazy Galowe,https://www.nowehoryzonty.pl/program/26/gentle-monster,Marie Kreutzer,Marie Kreutzer,Judith Kaufmann,Ulrike Kofler,,,"Alexander Glehr, Johanna Scherz","Film AG, Komplizen Film, Kazak Productions, Kjellson & Wik, Film i Väst, ORF Film/Fernseh-Abkommen, Das kleine Fernsehspiel (ZDF), ZDF/Arte polski dystrybutor M2 Films","Léa Seydoux, Catherine Deneuve, Jella Haase, Laurence Rupp, Sylvester Groth, Anton Rubtsov",
Gorzkie święta,2026,Hiszpania,Pokazy Galowe,https://www.nowehoryzonty.pl/program/26/gorzkie-swieta,Pedro Almodóvar,Pedro Almodóvar,Pau Esteve Birba,Teresa Font,Alberto Iglesias kostiumy Paco Delgado scenografia Antxón Gómez,,Agustín Almodóvar,"El Deseo, Film Factory Entertainment, Instituto de Crédito Oficial (ICO) polski dystrybutor Gutek Film","Bárbara Lennie, Leonardo Sbaraglia, Aitana Sánchez-Gijón, Victoria Luengo",
Hot Spot,2026,"Polska, Grecja, Szwecja, Norwegia",Pokazy Galowe,https://www.nowehoryzonty.pl/program/26/hot-spot,Agnieszka Smoczyńska,Robert Bolesto,Jakub Kijowski,Beata Liszewska,"Marcin Macuk, Zuzanna Wrońska","Marcin Lenarczyk kostiumy Katarzyna Lewińska charakteryzacja Antigoni Akritidou, Ioanna Lygizou, Alex Priftis","Klaudia Śmieja-Rostworowska, Bogna Szewczyk-Skupień, Gregory Jankilevitsch","Canal+ Polska, Faliro House Productions, Film i Väst, Madants, Moderator Inwestycje, Neda Film, Zentropa polski dystrybutor So Films","Noomi Rapace, Reika Kirishima, Filippa Kaye, Andrzej Konopka, George Aurimas Cris",
Josephine,2026,USA,Pokazy Galowe,https://www.nowehoryzonty.pl/program/26/josephine,Beth de Araújo,Beth de Araújo,Greta Zozula,"Anisha Acharya, Nico Leunen, Kyle Reiter",Miles Ross,William Tabanou scenografia Tom Castronovo,"David Kaplan, Beth de Araújo, Marina Stabile, Josh Peters, Mark H. Rapaport, Crystine Zhang","Free Association, Kaplan Morrison, Kinematics, Spark Features, Yintai Entertainment polski dystrybutor Monolith Films","Channing Tatum, Gemma Chan, Mason Reeves, Philip Ettinger, Syra McCarthy",
Karuzela,2026,USA,Pokazy Galowe,https://www.nowehoryzonty.pl/program/26/karuzela,Rachel Lambert,Rachel Lambert,Dustin Lane,Ryan Kendrick,Dabney Morris kostiumy Fernando “Fern” Legadoé scenografia Daniel Maughiman,,"Alex Saks, David Lipper, Robert A. Daly Jr., Ian Gotler, Chris Pine","Latigo Films, Barry Linen Motion Pictures, Eighteen88, Stoic Entertainment","Chris Pine, Jenny Slate, Abby Ryder Fortson, Sam Waterston, Katey Sagal",
Ktoś we mnie,2026,"Francja, Włochy",Pokazy Galowe,https://www.nowehoryzonty.pl/program/26/ktos-we-mnie,Arthur Harari,"Arthur Harari, Lucas Harari, Vincent Poymiro",Tom Harari,Laurent Sénéchal,Andrea Poggio kostiumy Isabelle Pannetier scenografia Emmanuelle Duplay,,"Nicolas Anthomé, Lionel Guedj","Bathysphere Productions, To Be Continued polski dystrybutor So Films","Léa Seydoux, Radu Jude, Niels Schneider, Victoire Du Bois, Jonathan Turnbull",
Natura miłości,2026,"Hiszpania, Francja",Pokazy Galowe,https://www.nowehoryzonty.pl/program/26/natura-milosci,Rodrigo Sorogoyen,"Isabel Peña, Rodrigo Sorogoyen",Alejandro de Pablo,Alberto del Campo,Olivier Arson kostiumy Saioa Lara scenografia José Tirado,,"Alice Labadie, Jean Labadie","Caballo Films, Movistar Plus+, El Ser Querido, Le Pacte, Comunidad de Madrid polski dystrybutor Gutek Film","Javier Bardem, Victoria Luengo, Raul Arevalo, Marina Foïs",
Niespodziewane,2026,"Francja, Japonia, Niemcy, Belgia",Pokazy Galowe,https://www.nowehoryzonty.pl/program/26/niespodziewane,Ryûsuke Hamaguchi,"Ryûsuke Hamaguchi, Léa Le Dimna","Alan Guichaoua, Akimoto Minori",Azusa Yamazaki,Samuel Andreyev kostiumy Caroline Spieth scenografia Mila Preli charakteryzacja Amélie Bouilly,,"Renan Artukmaç, Bettina Brokemper, Charlotte Dauphin, Julien Deris, David Gauquié, Hiroko Matsuda, Jean-Luc Ormières, Kôsuke Oshida, Joseph Rouschop, Yûji Sadai","Cinefrance Studios, Office Shirous, Bitters End polski dystrybutor Aurora Films","Virginie Efira, Tao Okamoto, Kyôzô Nagatsuka, Kodai Kurosaki",
Ocalenie,2026,"Turcja, Francja, Holandia, Grecja, Szwecja, Arabia Saudyjska",Pokazy Galowe,https://www.nowehoryzonty.pl/program/26/ocalenie,Emin Alper,Emin Alper,"Ahmet Sesigürgil, Barış Aygen",Özcan Vardar,Christiaan Verbeek kostiumy Gülşah Yüksel scenografia Nadide Argun charakteryzacja Kyriaki Melidou,,Nadir Öperli,"Liman Film, TS Productions, Second Land, Bir Film, Meltem Films, Circe Films, Horsefly Films polski dystrybutor Gutek Film","Caner Cindoruk, Berkay Ateş, Feyyaz Duman, Naz Göktan, Özlem Taş",
Papierowy tygrys,2026,USA,Pokazy Galowe,https://www.nowehoryzonty.pl/program/26/papierowy-tygrys,James Gray,James Gray,Joaquín Baca-Asay,Scott Morris,Christopher Spelman kostiumy Amy Roth scenografia Happy Massee,,"Andrea Bucko, Leonardo Maria Del Vecchio, Gary Farkas, James Gray, Anthony Katagas, Marco Perego, Carlo Salem, Rodrigo Teixeira","RT Features, AK Productions, AK Television Prod., Leone Film Group polski dystrybutor Monolith Films","Adam Driver, Scarlett Johansson, Miles Teller, Gavin Goudey, Roman Engel, Cindy Katz",
"Powiedz mi, co czujesz",2026,Polska,Pokazy Galowe,https://www.nowehoryzonty.pl/program/26/powiedz-mi-co-czujesz,Łukasz Ronduda,"Agata K. Koschmieder, Łukasz Ronduda",Weronika Bilska,Agata Cierniak,Marcin Lenarczyk,"Marcin Lenarczyk, Michał Robaczewski kostiumy Hanka Podraza scenografia Joanna Kaczyńska charakteryzacja Weronika Zielińska",Natalia Grzegorzek,Koskino,"Jan Sałasiński, Izabella Dudziak, Anita Poddębniak, Adam Szyszkowski, Aleksandra Justa, Andrzej Konopka",
Róża,2026,"Austria, Niemcy",Pokazy Galowe,https://www.nowehoryzonty.pl/program/26/rose,Markus Schleinzer,"Markus Schleinzer, Alexander Brom",Gerald Kerkletz,Hansjörg Weißbrich,Tara Nome Doyle kostiumy Doris Bartelt scenografia Olivier Meidinger charakteryzacja Anette Keiser,,"Johannes Schubert, Philipp Worm, Tobias Walker, Karsten Stöter","Schubert, ROW Pictures, Walker + Worm Film, ORF, ZDF, Arte polski dystrybutor Gutek Film","Sandra Hüller, Caro Braun, Marisa Growaldt, Godehard Giese, Augustino Renken",
Tchórz,2026,"Belgia, Francja, Holandia",Pokazy Galowe,https://www.nowehoryzonty.pl/program/26/tchorz,Lukas Dhont,"Lukas Dhont, Angelo Tijssens",Frank van den Eeden,Alain Dessauvage,Valentin Hadjadj kostiumy Isabel Van Renterghem scenografia Eve Martin,,"Michiel Dhont, Juliette Schrameck","The Reunion, Lumen, Topkapi Films polski dystrybutor So Films","Valentin Campagne, Emmanuel Macchia, Willem De Schryver",
Żółte listy,2026,"Niemcy, Francja, Turcja",Pokazy Galowe,https://www.nowehoryzonty.pl/program/26/zolte-listy,İlker Çatak,"İlker Çatak, Ayda Meryem Çatak, Enis Köstepen",Judith Kaufmann,Gesa Jäger,Marvin Miller kostiumy Christian Röhrs scenografia Zazie Knepper charakteryzacja Nica Faas,,Ingo Fliess,"if… Productions Film GmbH, Haut et Court, Liman Film polski dystrybutor Aurora Films","Özgü Namal, Tansu Biçer, Leyla Smyrna Cabas, İpek Bilgin",
Cała reszta to szum,2026,"Niemcy, Kanada, Meksyk","Mistrzynie, Mistrzowie",https://www.nowehoryzonty.pl/program/26/cala-reszta-to-szum,Nicolás Pereda,"Nicolás Pereda, Juan Francisco Maldonado",Nicolás Pereda,Nicolás Pereda,Violeta García,"Guido Berenblum, Gerardo Kalmar",Catalina Pereda,"En Chinga Producciones, weltfilm","Teresita Sánchez, Rosa Estela Juárez Vargas, Luisa Pardo, Lázaro G. Rodríguez, Francisco Barreiro, José Rodríguez López",
Czerwone skały,2026,"Francja, Włochy, Belgia, Portugalia","Mistrzynie, Mistrzowie",https://www.nowehoryzonty.pl/program/26/czerwone-skaly,Bruno Dumont,Bruno Dumont,Carlos Alfonso Corral,Bruno Dumont,Laia Torrents Carulla (Cabonsanroque),Bernat Fortiana kostiumy Mai Thu Chapiron,"Jean Bréhat, Joaquim Sapinho, Alejandro Sugich, Ines Vasiljevic","Tessalit Productions, Rosa Filmes, Nightswim","Kaylon Lancel, Kelsie Verdeilles, Louise Podolski, Mohamed Coly, Alessandro Piquera, Meryl Pires",
Dziennik panny służącej,2026,"Rumunia, Francja","Mistrzynie, Mistrzowie",https://www.nowehoryzonty.pl/program/26/dziennik-panny-sluzacej,Radu Jude,Radu Jude,Marius Panduru,Catalin Cristutiu,,Damien Luquet kostiumy Charlotte Richard scenografia Stéphanie Delpech charakteryzacja Elsa Gendre,Saïd Ben Saïd,"SBS Productions, Avanpost polski dystrybutor Aurora Films","Ana Dumitrașcu, Marie Rivière, Mélanie Thierry, Vincent Macaigne",
"Dzień, w którym ona wraca",2026,Korea Południowa,"Mistrzynie, Mistrzowie",https://www.nowehoryzonty.pl/program/26/dzien-w-ktorym-ona-wraca,Hong Sang-soo,Hong Sang-soo,Hong Sang-soo,Hong Sang-soo,,Hong Sang-soo,Hong Sang-soo,Jeonwonsa Film Co.,"Song Sunmi, Cho Yunhee, Park Miso",
Historie równoległe,2026,"Francja, Włochy, Belgia, Iran","Mistrzynie, Mistrzowie",https://www.nowehoryzonty.pl/program/26/historie-rownolegle,Asghar Farhadi,"Asghar Farhadi, Saeed Farhadi",Guillaume Deffontaines,Hayedeh Safiyari,Zbigniew Preisner kostiumy Khadija Zeggaï scenografia Emmanuelle Duplay,,"Gaëtan David, David Levine, André Logie, Alexandre Mallet-Guy, Andrea Occhipinti",Memento Films Production polski dystrybutor Monolith Films,"Isabelle Huppert, Virginie Efira, Vincent Cassel, Catherine Deneuve, Pierre Niney, Adam Bessa",
Joanna d’Arc,2025,"Islandia, Dania, Francja","Mistrzynie, Mistrzowie",https://www.nowehoryzonty.pl/program/26/joanna-d-arc,Hlynur Pálmason,Hlynur Pálmason,Hlynur Pálmason,Julius Krebs Damsbo scenografia Frosti Fridriksson,,,"Katrin Pors, Anton Máni Svansson","Still Vivid, Snowglobe, Maneki Films polski dystrybutor Stowarzyszenie Nowe Horyzonty","Ída Mekkín Hlynsdóttir, Grímur Hlynsson, Þorgils Hlynsson, Elín Ósk Óskarsdóttir, Hrafn Þráinsson",
Krwawa Hrabina,2026,"Austria, Luksemburg, Niemcy","Mistrzynie, Mistrzowie",https://www.nowehoryzonty.pl/program/26/krwawa-hrabina,Ulrike Ottinger,"Ulrike Ottinger, Elfriede Jelinek",Martin Gschlacht,"Pia Dumont kostiumy Katharina Forcher, Jorge Jara scenografia Christina Schaffer charakteryzacja Tünde Kiss-Benke",,,"Alexander Dumreicher-Ivanceanu, Bady Minck","Amour Fou Vienna, Amour Fou Luxembourg, Heimatfilm, Ulrike Ottinger Filmproduktion","Isabelle Huppert, Birgit Minichmayr, Thomas Schubert, Lars Eidinger, Conchita Wurst",
La Perra,2026,"Chile, Brazylia","Mistrzynie, Mistrzowie",https://www.nowehoryzonty.pl/program/26/la-perra,Dominga Sotomayor,"Inés Bortagaray, Pilar Quintana",Simone D'Arcangelo,Federico Rotstein,Clint Mansell,Javier Umpierrez kostiumy Francisca Tuca scenografia Natalia Geisse,"Fernando Bascuñán, Berta Marchiori, Rodrigo Teixeira","Planta, RT Features polski dystrybutor Best Film","Manuela Oyarzún, Selton Mello, Paula Dinamarca, Paula Luchsinger, Giannina Fruttero, David Gaete",
"Mężczyzna, którego kocham",2026,"USA, Francja","Mistrzynie, Mistrzowie",https://www.nowehoryzonty.pl/program/26/mezczyzna-ktorego-kocham,Ira Sachs,"Ira Sachs, Mauricio Zacharias",Josée Deshaies,Affonso Gonçalves kostiumy Megan Gray,,,"Saïd Ben Saïd, Misook Doolittle, Scott McGehee, Myriam Schroeter, David Siegel, Mike Spreter","Big Creek Projects, Assemble Media, SBS Productions","Rami Malek, Rebecca Hall, Ebon Moss-Bachrach, Maisy Stella, Tom Sturridge, Sasha Lane",
Moja żona płacze,2026,"Niemcy, Francja","Mistrzynie, Mistrzowie",https://www.nowehoryzonty.pl/program/26/moja-zona-placze,Angela Schanelec,Angela Schanelec,Marius Panduru,Angela Schanelec,,"Rainer Gerlach, Matthias Lempert kostiumy Anette Guther scenografia Sylvester Koziolek charakteryzacja Monika Münnich, Mina Ghoraishi",Kirill Krasovski,"Blue Monticola Film, Unitbase, SBS Productions, Maier Bros.","Vladimir Vulević, Agathe Bonitzer, Birte Schnöink, Pauline Rebmann, Ben Carter, Thorbjörn Björnsson, Clara Gostynski, Laure-Lucile Simon",
Nasza ziemia,2025,"Argentyna, USA, Meksyk, Francja, Holandia, Dania","Mistrzynie, Mistrzowie",https://www.nowehoryzonty.pl/program/26/nasza-ziemia,Lucrecia Martel,"María Alché, Lucrecia Martel",Ernesto de Carvalho,"Miguel Schverdfinger, Jerónimo Pérez Rioja",Alfonso Olguín,"Guido Berenblum, Manuel De Andrés, Emmanuel Croset",,"Doc Society, Rei Pictures, Louverture Films, Piano, Pio & Co","społeczność Chuchagasta / Chuchagasta Community, Javier Chocobar",
Ostatni konsjerż,2025,"Austria, Argentyna","Mistrzynie, Mistrzowie",https://www.nowehoryzonty.pl/program/26/ostatni-konsjerz,Gastón Solnicki,"Julia Niemann, Gastón Solnicki",Rui Poças,"Ana Godoy, Alan Martin Segal",,"Veronika Hlawatsch, Manuel de Andrés, Alexander Koller, Matthias Kassmannhuber kostiumy Carola Pizzini","Gabriele Kranzelbinder, Paolo Calamita, Gastón Solnicki, Eugenio Fernández Abril KGP Filmproduktion","Little Magnet Films, Filmy Wiktora, Primo, KGP Filmproduktion polski dystrybutor Velvet Spoon","Willem Dafoe, Lilly Lindner, Stephanie Argerich, Gastón Solnicki, Imona Mirrakhimova, Claus Philipp, Camille Clair",
Podwójna wolność,2026,"Argentyna, Chile, Luksemburg, Niemcy, Wielka Brytania","Mistrzynie, Mistrzowie",https://www.nowehoryzonty.pl/program/26/podwojna-wolnosc,Lisandro Alonso,Lisandro Alonso,Cobi Migliora,"Manuel Ferrari, Martín Mainoli, Catalina Marín",Peter Rosenthal scenografia Pascual Mena,,"Lisandro Alonso, Ilse Hughan, Augusto Matte","Planta, Deptford, 4L","Catalina Saavedra, Misael Saavedra, Laura López Moyano, Adrián Fondari",
Powrót do domu,2025,Tajwan,"Mistrzynie, Mistrzowie",https://www.nowehoryzonty.pl/program/26/powrot-do-domu,Tsai Ming-liang,Tsai Ming-liang,Tsai Ming-liang,Chang Jhong-yuan,,,,Homegreen Films,"Anong Houngheuangsy, Surat Houngheuangsy, Wijit Houngheuangsy, Wankaew Houngheuangsy",
Róża z Nevady,2025,Wielka Brytania,"Mistrzynie, Mistrzowie",https://www.nowehoryzonty.pl/program/26/roza-z-nevady,Mark Jenkin,Mark Jenkin,Mark Jenkin,Mark Jenkin,Mark Jenkin,"Mark Jenkin, Ian Wilson kostiumy Jo Thompson scenografia Felicity Hickson",Denzil Monk,"Bosena - Denzil Monk, BFI Films, Film4 Productions, Head Gear Films, Metrol Technology","George MacKay, Callum Turner, Francis Magee, Edward Rowe, Rosalind Eleazar, Mary Woodvine, Adrian Rawlins",
"Soumsoum, gwiezdna noc",2026,"Francja, Czad","Mistrzynie, Mistrzowie",https://www.nowehoryzonty.pl/program/26/soumsoum-gwiezdna-noc,Mahamat-Saleh Haroun,"Mahamat-Saleh Haroun, Laurent Gaudé",Mathieu Giombini,Svetlana Vaynblat,Bibi Tanga,Yolande Decarsin kostiumy Agnès Noden charakteryzacja Léonelle Mix Tchoudja,Florence Stern,"Pili Films, Goï-Goï Productions","Maïmouna Miawama, Ériq Ebouaney, Achouackh Abakar Souleymane",
Widzę budynki upadające niczym błyskawice,2026,Wielka Brytania,"Mistrzynie, Mistrzowie",https://www.nowehoryzonty.pl/program/26/widze-budynki-upadajace-niczym-blyskawice,Clio Barnard,"Keiran Goddard, Enda Walsh",Simon Tindall,Maya Maffioli,Harry Escott,Paul Davies kostiumy Matthew Price scenografia Jane Levick,Tracy O'Riordan,"BBC Film, British Film Institute (BFI), Curzon Films, Moonspun Films polski dystrybutor So Films","Anthony Boyle, Joe Cole, Jay Lycurgo, Daryl McCormack, Lola Petticrew",
Życie snem,2026,"Niemcy, Francja, Bułgaria, Austria","Mistrzynie, Mistrzowie",https://www.nowehoryzonty.pl/program/26/zycie-snem,Valeska Grisebach,"Lisa Bierwirth, Valeska Grisebach",Bernhard Keller,Bettina Böhler kostiumy Eka Bichinashvili scenografia Sabina Christova,,,"Maren Ade, Jonas Dornbach, Janine Jackowski","Komplizen Film, Kazak Productions, Miramar Film, Panama Film, New Matter Films, Arte France Cinéma, ZDF/Arte","Yana Radeva, Syuleyman Alilov Letifov, Stoicho Kostadinov, Nikolay Shekerdjiev, Denislava Yordanova, Tiana Georgieva",
Ben’imana,2026,"Gabon, Norwegia, Rwanda, Francja, Wybrzeże Kości Słoniowej",Fale,https://www.nowehoryzonty.pl/program/26/benimana,Marie-Clémentine Dusabejambo,"Delphine Agut, Marie-Clementine Dusabejambo",Mostafa El Kashef,Nadia Ben Rachid,Igor Mabano,"Eugène Safali scenografia Ricardo Sankara charakteryzacja Uhiriwe Confiance, Tumuramye Triphine",Samantha Biffot,"DUOfilm, Ejo Cine, Les Films du Bilboquet, Princesse M Productions polski dystrybutor Aurora Films","Kesia Kelly Nishimwe, Clémentine U. Nyirinkindi, Isabelle Kabano",
Dao,2026,"Francja, Senegal, Gwinea Bissau",Fale,https://www.nowehoryzonty.pl/program/26/dao,Alain Gomis,Alain Gomis,"Céline Bozon, Amath Niane, Mabeye Deme","Alain Gomis, Fabrice Rouaud, Assetou Koné, Dimitri Ouedraogo, Elizabeth Ndiaye, Moustapha Mbalo Dieng","Gaspard Gomis, Space Dukes, Keïta Janota, Cie","Dana Farzanephour, Franck Cartaut scenografia Eliane Lorthiois, Moussa Diene","Sylvie Pialat, Benoît Quainon, Toufik Ayadi, Christophe Barral","Les Films du Worso, Srab Films, Nafi Productions, Telecine Bissau Producoes","Katy Correa, D’Johé Kouadio, Samir Guesmi, Mike Etienne, Nicolas Gomis, Fara Baco Gomis, Poundo Gomis",
"Dwie pory roku, dwoje nieznajomych",2025,Japonia,Fale,https://www.nowehoryzonty.pl/program/26/dwie-pory-roku-dwoje-nieznajomych,Shô Miyake,Shô Miyake,Yûta Tsukinaga,Keiko Okawa,Hi'Spec scenografia Masato Nunobe,,Masayoshi Johnai,The Fool,"Eun Kyung Shim, Yuumi Kawai, Mansaku Takada, Shiro Sano, Shinichi Tsutsumi",
Jezioro,2025,Szwajcaria,Fale,https://www.nowehoryzonty.pl/program/26/jezioro,Fabrice Aragno,Fabrice Aragno,"Fabrice Aragno, Joseph Areddy","Fabrice Aragno, Chloé Andreadakis kostiumy Maria Muscalu",,,"Fabrice Aragno, Jean-Guillaume Sonnier","Casa Azul Films, L’atelier, association de cinéma, Radio Télévision Suisse","Clotilde Courau, Bernard Stamm",
Kiedy zimową nocą,2025,Indie,Fale,https://www.nowehoryzonty.pl/program/26/kiedy-zimowa-noca,Sanju Surendran,Rekha Raj,Manesh Madhavan,Mangalath Praveen kostiumy Leena Thushara scenografia Dileep Daz,,,M.N. Surendran,Sanju Surendran Films,"Bhanu Priyamvada, Roshan Abdul Rahoof, Jitheesh Raichel Samuel, Arathy KB, Shobhana Sharma",
Kura,2025,"Niemcy, Grecja, Węgry",Fale,https://www.nowehoryzonty.pl/program/26/kura,György Pálfi,"György Pálfi, Zsófia Ruttkay",Giorgos Karvelas,Réka Lemhényi,Szabolcs Szõke,,"Martin Hampel, Thanassis Karathanos, Kostas Lambropoulos, Effie Skrobolas","Hellenic Broadcasting Corporation (ERT), Hellenic Film & Audiovisual Center (EKKOMED), Medienboard Berlin-Brandenburg, Mitteldeutsche Medienförderung (MDM), Pallas Film, Twenty Twenty Vision Filmproduktion GmbH, View Master Films, ZDF/Arte polski dystrybutor Aurora Films","Yannis Kokiasmenos, Maria Diakopanayotou, Argyris Pandazaras",
Między marzeniem i nadzieją,2025,Iran,Fale,https://www.nowehoryzonty.pl/program/26/miedzy-marzeniem-i-nadzieja,Farnoosh Samadi,Farnoosh Samadi,Salar Ardestani,Farnoosh Samadi,,Naeim Meschian scenografia Siamak Karinejad,"Ebrahim Amerian, Navid Mohammadzadeh","Navid Mohammadzadeh Production, Amerianfilm","Fereshteh Hosseini, Sadaf Asgari, Hooman Rahnemoon, Amirreza Ranjbaran, Reza Amoozad, Kiarash Rezaei, Amirreza Jokar",
Muchy,2026,Meksyk,Fale,https://www.nowehoryzonty.pl/program/26/muchy,Fernando Eimbcke,"Fernando Eimbcke, Vanesa Garnica",Maria Secco,"Salvador Reyes Zúñiga, Fernando Eimbcke",,Javier Umpierrez kostiumy Gabriela Fernandez scenografia Alfredo Wigueras charakteryzacja Itzel O. Márquez Padilla,"Eréndira Núñez Larios, Michel Franco, Fernando Eimbcke","Teorema, Kinotitlán","Teresita Sánchez, Bastian Escobar, Hugo Ramírez",
Najsamotniejszy człowiek w mieście,2026,Austria,Fale,https://www.nowehoryzonty.pl/program/26/najsamotniejszy-czlowiek-w-miescie,"Tizza Covi, Rainer Frimmel",Tizza Covi,Rainer Frimmel,"Tizza Covi, Emily Artmann","Al Cook scenografia Lotte Lyon, Christian Gschier",,"Tizza Covi, Rainer Frimmel",Vento Film,"Alois Koch, Brigitte Meduna, Alfred Blechinger, Flurina Schneider",
Nawet Bóg nie pomoże,2025,"Chorwacja, Włochy, Rumunia, Grecja, Francja, Słowenia",Fale,https://www.nowehoryzonty.pl/program/26/nawet-bog-nie-pomoze,Hana Jušić,Hana Jušić,Jana Plećaš,Jan Klemsche,"Stavros Evangelou, Iris Asimakopoulou, Vasilis Chontos",Nikos Exarhos kostiumy Katarina Pilić,Ankica Jurić Tilić,Kinorama,"Manuela Martelli, Ana Marija Veselčić, Filip Đurić, Mauro Ercegović Gracin, Nikša Butijer",
Rola drugoplanowa,2026,"Gruzja, Estonia, Turcja",Fale,https://www.nowehoryzonty.pl/program/26/rola-drugoplanowa,Ana Urushadze,Ana Urushadze,Rein Kotov,Levan Uchaneishvili,Sten Sheripov kostiumy Simon Matchabeli scenografia Simon Matchabeli charakteryzacja Madonna Chanturia,,"Dato Bakhtadze, Andrey Epifanov, Ivo Felt, Eleonora Granata-Jenkinson, Davit Tsintsadze","Zazafilms, Allfilm, Enkeny Films, Zeynofilm, Cinetrain, Meograno Films","Dato Bakhtadze, Nato Murvanidze, Lasha Mebuke",
Szepty w maju,2026,"Hongkong, Holandia, Korea Południowa, Szwecja",Fale,https://www.nowehoryzonty.pl/program/26/szepty-w-maju,Dongnan Chen,"Mathxiemop Atnyop, Lhithxamop Itgop, Lhithxamop Itsi, Jjippupmop Qihuo","Xiao Xiao, Ming Xue","Tao Gu, Chen Sisi",Chad Cannon,,"Xu Xiao, Jia Zhao","Field of Vision (II), HER Film, IDFA BERTHA Fund, Muyi Film, Seesaw Pictures, Swedish Film Institute, Tail Bite Tail Films, The Netherlands Film Fund","Mathxiemop Atnyop, Qi Huo, Lhithxamop Itgop, Lhithxamop Itsi",
Wstyd i pieniądze,2026,"Niemcy, Kosowo, Słowenia, Albania, Macedonia Północna, Belgia",Fale,https://www.nowehoryzonty.pl/program/26/wstyd-i-pieniadze,Visar Morina,"Doruntina Basha, Visar Morina",Janis Mazuch,Joelle Alexis,Mario Batković scenografia Burim Arifi charakteryzacja Talija Ivancić,,"Sophie Ahrens, Fabian Altenried, Kristof Gerega, Pia Hellenthal, Visar Morina","Schuldenberg Films, Vicky Bane Ug","Astrit Kabashi, Flonja Kodheli, Fiona Gllavica",
Wszyscy zakochani nocą,2026,"Japonia, Francja",Fale,https://www.nowehoryzonty.pl/program/26/wszyscy-zakochani-noca,Yukiko Sode,Yukiko Sode (na podstawie/based on All the Lovers in the Night by Mieko Kawakami),Yasuyuki Sasaki,Azusa Yamazaki,Masato Suzuki,Shinya Takata scenografia Norifumi Ataka,"Toshikazu Nishigaya, Kana Matsuda","Bitters End, All the Lovers in the Night Production, A C&I entertainment Production","Yukino Kishii, Tadanobu Asano, Mai Fukagawa, Yûta Hayashi, Misato Morita, Akihisa Shiono",
Za zwycięstwo!,2025,"Ukraina, Litwa",Fale,https://www.nowehoryzonty.pl/program/26/za-zwyciestwo,Valentyn Vasyanovych,Valentyn Vasyanovych,"Misha Lubarsky, Valentyn Vasyanovych",Valentyn Vasyanovych,Dominykas Digimas,Sergii Stepanskyy kostiumy Hanna Chabaniuk scenografia Vladlen Odudenko,"Volodymyr Yatsenko, Valentyn Vasyanovych, Anna Yatsenko, Marija Razgute, Iya Myslytska","Arsenal Films, M-Films, ForeFilms","Valentyn Vasyanovych, Vladlen Odudenko, Misha Lubarsky, Sergii Stepanskyy, Volodymyr Yatsenko, Marianna Novikova, Hryhoriy Naumov",
Biały ślimak,2025,"Austria, Niemcy",Odkrycia,https://www.nowehoryzonty.pl/program/26/bialy-slimak,"Elsa Kremser, Levin Peter","Elsa Kremser, Levin Peter",Mikhail Khursevich,Stephan Bechinger,"John Gürtler, Jan Miserre kostiumy Lena Oger scenografia Kristine Vitola charakteryzacja Lana Kaun",,"Lixi Frank, David Bohun, Elsa Kremser, Levin Peter","IntraMovies, Panama Film, Raumzeitfilm Produktion, Ma.ja.de., Das kleine Fernsehspiel","Marya Imbro, Mikhail Senkov",
Clarissa,2026,"USA, Nigeria",Odkrycia,https://www.nowehoryzonty.pl/program/26/clarissa,"Arie Esiri, Chuko Esiri",Chuko Esiri,Jonathan Bloom,Blair McClendon,Kelsey Lu kostiumy Eniola Dawodu scenografia Hanrui Wang,,"Arie Esiri, Chuko Esiri, Theresa Park, Nicholas Weinstock","Per Capita Productions, Invention Studios, Neon","Sophie Okonedo, Ayo Edebiri, David Oyelowo, India Amarteifio, Toheeb Jimoh, Fortune Nwafor",
Cyklon,2026,Hongkong,Odkrycia,https://www.nowehoryzonty.pl/program/26/cyklon,Philip Yung,"Philip Yung, Thomas Leung, Carmen Hau","Woon Lam Tong, Yau Cheong Leung",Jojo Shek,Ding Ke kostiumy Ka Lo Ng scenografia Ka Lo Ng,,Effy Sun,Word by Word Limited,"Yuqiao Liu, Edwynn Li, Jenny Suen, Kwun Lun Leung, Chalisa Wela",
Czarna godzina,2026,Polska,Odkrycia,https://www.nowehoryzonty.pl/program/26/czarna-godzina,Filip Bojarski,Filip Bojarski,Tomasz Wierzbicki,Filip Dziuba,Teoniki Rożynek kostiumy Nina Sakowska,,Jerzy Kapuściński,Studio Munka - Stowarzyszenie Filmowców Polskich,"Helka Rząsa, Julia Piklikiewicz, Mikołaj Osiński, Marta Bizoń",
"Dni, których nie znamy",2026,Austria,Odkrycia,https://www.nowehoryzonty.pl/program/26/dni-ktorych-nie-znamy,Jola Wieczorek,Jola Wieczorek,"Klemens Koscher, Serafin Spitzer","Ewa Golis, Rubén Rocha",Dorit Chrysler kostiumy Denise Leisentritt scenografia Andrej Rutar,,"Jola Wieczorek, Hanne Lassl",Fahrenheit Films,"Wiesława Wieczorek, Romuald Wieczorek, Jola Wieczorek, Kacper Wieczorek",
Flesh and Fuel,2026,"Francja, Polska",Odkrycia,https://www.nowehoryzonty.pl/program/26/flesh-and-fuel,Pierre Le Gall,"Pierre Le Gall, Camille Perton, Martin Drouot",Aurélien Marra,Xavier Sirven,Paul Sabin,"Cédric Berger, Renaud Bajeux, Xavier Thieulin","Nicolas Blanc, Patryk Sielecki, Adrianna Rędzia","Ex Nihilo, Lumisenta Film Foundation polski dystrybutor So Films","Alexis Manenti, Julian Świeżewski",
Kroniki oblężenia,2026,"Algieria, Francja, Palestyna",Odkrycia,https://www.nowehoryzonty.pl/program/26/kroniki-oblezenia,Abdallah Al-Khatib,Abdallah Al-Khatib,Talal Khoury,Alex Bakri,,Rana Eid,"Taqiyeddine Issaad, Salah Issaad","Issaad Film Productions, Evidence Film, 2 Princes Films","Nadeem Rimawi, Saja Kilani, Ahmad Kontar, Samer Bisharat, Ahmed Zitouni, Wassim Fedriche, Idir Benaibouche, Abdallah Alkhatib, Emad Azmi, Maria Zreik, Omar Rammal, Hamzeh Mahadin, Nour Seraj, Hayet Abu Samar, Majd Hijawi, Omar Almajali",
Lionel,2025,"Hiszpania, Francja",Odkrycia,https://www.nowehoryzonty.pl/program/26/lionel,Carlos Saiz Espín,"Raúl Liarte, Carlos Saiz",Artur-Pol Camprubí,Estel Román,"Álex Aller, Inur Ategi kostiumy Ahida Agirre scenografia María Carreté",,"Mario Forniés, José Nolla, Samuel Chauvin, Nabil Ejey","Blur, Icónica Producciones, Promenades Films","Lionel Corral Bernal, Lionel Corral, Alicia Corral Bernal",
Modlitwa za umierających,2026,"Norwegia, Grecja, Wielka Brytania, Szwecja",Odkrycia,https://www.nowehoryzonty.pl/program/26/modlitwa-za-umierajacych,Dara Van Dusen,Dara Van Dusen,Kate McCullough,Fredrik Morheden,Beata Hlavenková kostiumy Ján Kocman scenografia Hubert Pouille charakteryzacja Ivana Němcová,,"Dyveke Bjørkly Graver, Andrea Berentsen Ottmar",Eye Eye Pictures polski dystrybutor Galapagos Films,"Johnny Flynn, John C. Reilly, Kristine Kujath, Gustav Lindh",
Moja semba,2026,Angola,Odkrycia,https://www.nowehoryzonty.pl/program/26/moja-semba,Hugo Salvaterra,Hugo Salvaterra,Ery Claver,Kamy Lara,"Nakhane, Paulo Flores, Toty Sa’med, Orelha Negra",Marco Salaverría scenografia Prudênciana Hach,Jorge Cohen,Geração 80,"Euclides Teixeira, Eliane Silva, Willi Ribeiro, Clemente Chimuco",
Pieśni zapomnianych drzew,2025,Indie,Odkrycia,https://www.nowehoryzonty.pl/program/26/piesni-zapomnianych-drzew,Anuparna Roy,Anuparna Roy,Debjit Samanta,Ashish Patel,Nishant Ramteke,Arka Dey kostiumy Sachin Lovalekar scenografia Priya Shree,"Bibhanshu Rai, Romil Modi, Ranjan Singh, Navin Shetty, Sharib Khan, Vikas Kumar","River Tale Films, Romil Casting, Flip Films, Nube studio - Nube cirrus, Khan & Kumar Media","Naaz Shaikh, Sumi Baghel, Bhushan Shimpi, Ravi Maan, Pritam Pilania, Lovely Singh",
Przygotowania do rewolucji,2026,"Czechy, Hiszpania, Iran",Odkrycia,https://www.nowehoryzonty.pl/program/26/przygotowania-do-rewolucji,Pegah Ahangarani,"Ehsan Abdipour, Pegah Ahangarani, Amir Ahmadi Arian",found footage,Arash Ashtiani,Anna Andreu,"Neda Mohseni, Dani Zacarias animacja Ali Charmi","Kaveh Farnam, Adrià Monés","Europe Media Nest, Fasten Films, MediaNest",,
Rzeczny pociąg,2026,Argentyna,Odkrycia,https://www.nowehoryzonty.pl/program/26/rzeczny-pociag,"Lorenzo Ferro, Lucas A. Vignale","Lorenzo Ferro, Lucas A. Vignale",Thomas Grinberg,"Andres Medina, Lucas A. Vignale",Oniria,Martín García Blaya kostiumy Olivia Schachtel scenografia Olivia Schachtel,"Tomas Grandio, Valentine Torre, Casiana Vera",Cinco Rayos,"Milo Barria, Rita Pauls, Mariano Barria, Fabián Casas, Lucrecia Pazos, Pehuen Pedre, Mailén Barría, Diego Puente",
Sześć miesięcy w różowym i niebieskim budynku,2026,"Meksyk, Brazylia, Dania",Odkrycia,https://www.nowehoryzonty.pl/program/26/szesc-miesiecy-w-rozowym-i-niebieskim-budynku,Bruno Santamaría Razo,Bruno Santamaría Razo,Fernando Hernández García,"Andrea Rabasa, Jofre Marilia Moraes, Bruno Santamaría Razo",Léo Chermont,"Martín de Torcy, Miriam Biderman - ABC, Ricardo Reis - ABC","Bruna Haddad, Bruno Santamaría Razo","Desvia Filmes, Luxbox, Ojo de Vaca, Snowglobe Films","Eduardo Ayala, Nara Carreira, Valentina Cohen, Sofía Espinosa, Demick Lopes, Shai Morris",
Urlop bezpłatny,2025,"Słowacja, Czechy, Niemcy",Odkrycia,https://www.nowehoryzonty.pl/program/26/urlop-bezplatny,Paula Ďurinová,Paula Ďurinová,"Darya Chernyak, Radka Šišuláková, Clara Becking, Paula Ďurinová","Deniz Şimşek, Paula Ďurinová",Lenka Adamcová,,Matej Sotník,"Guča Films, CLAW, Slovak Radio and Television",,
W czerwcu mnie nie będzie,2026,"Szwajcaria, Niemcy",Odkrycia,https://www.nowehoryzonty.pl/program/26/w-czerwcu-mnie-nie-bedzie,Katharina Rivilis,Katharina Rivilis,Giulia Schelhas,Tatiana Bastos,"Steve Binetti, Eliane Bründler",Felix Scherrer,"Léa Germain, Wim Wenders, Clemens Köstlin, Katharina Rivilis","Road Movies, Wolfskind Films, 8horses","Naomi Cosma, David Flores, Bianca Dumais, Rebecca Schulz",
Wariacja na temat,2026,"Republika Południowej Afryki, Holandia, Katar",Odkrycia,https://www.nowehoryzonty.pl/program/26/wariacja-na-temat,"Jason Jacobs, Devon Delmar","Jason Jacobs, Devon Delmar",Gray Kotzé,Devon Delmar,Mikhaila Alyssa Smith,James Olivier scenografia Cleveland Hopp,"Annemarie du Plessis, Jason Jacobs, Devon Delmar, Mira Mendel, Nikkie Thie","Kraal, Meria Productions, Interakt","Hettie Farmer, Gladwin van Niekerk",
Wczoraj nikt nie zmrużył oka,2026,"Terytoria Palestyńskie, Liban, Belgia",Odkrycia,https://www.nowehoryzonty.pl/program/26/wczoraj-nikt-nie-zmruzyl-oka,Rakan Mayasi,"Rakan Mayasi, Wahid Ajmi, Pôl Seif",Pôl Seif,Louis De Schrijver,"Ted Regklis, Abed Kobeissy",,"Rakan Mayasi, Jennifer Ritter","Atata, Lux Motus Tempus, Mayana Films, Naoko Films, Salaud Morisset","Rim Al Mawla, Jawaher Al Mawla, Yasser Al Mawla",
Błękitny brzeg,2026,"Rumunia, Francja, Słowenia",Smart 7,https://www.nowehoryzonty.pl/program/26/blekitny-brzeg,Andreea Cristina Borțun,Andreea Cristina Borțun,Laurențiu Răducanu,"Andreea Cristina Borțun, Tudor D. Popescu",Cosmin Postolache,"Florent Klockenbring, Frédéric Bielle kostiumy Sonia Constantinescu scenografia Iulia Petrescu charakteryzacja Ioana Roman","Gabriela Suciu, Jean-Laurent Csinidis, Jérôme Nunes, Aleš Pavlin, Sebastian Stan, Andrej Stritof","Atelier de Film UNATC, Films de Force Majeure, Perfo Production","Mihaela Subțirică, Ștefan Costea, Vasile Pavel, Iulian Postelnicu, Eliza Bercu, Ionuț-Marian Ionescu, Nicu Mihoc",
Cena zwycięstwa,2025,Grecja,Smart 7,https://www.nowehoryzonty.pl/program/26/cena-zwyciestwa,Giorgos Georgopoulos,Giorgos Georgopoulos,Christina Moumouri,Giorgos Georgopoulos,"Stavros Mitropoulos, Marilena Orfanou kostiumy Vassilia Rozana scenografia Elena Vardava charakteryzacja Alexandra Myta",,"Fenia Cossovitsa, Stefanos Koutsardakis","Chaotic Good Productions, Faliro House Productions, Blonde Audiovisual Productions, Hellenic Broadcasting Corporation (ERT), Hellenic Film & Audiovisual Center (EKKOMED)","Mort Klonaraki, Vangelis Mourikis, Youla Boudali, Melina Kotselou, Tasos Nousias, Maria Kallimani, Yannis Economides",
Gość,2025,"Litwa, Norwegia, Szwecja",Smart 7,https://www.nowehoryzonty.pl/program/26/gosc,Vytautas Katkus,"Vytautas Katkus, Marija Kavtaradzė",Vytautas Katkus,"Laurynas Bareiša kostiumy Morta Jonynaite scenografia Lisanne Fransen, Ieva Rojute charakteryzacja Lise Erlandsen, Jurgita Globyte, Inga Urbanovic",,,"Brigita Beniušytė, Marija Razgute","M-FilmsStær, Garagefilm International","Darius Šilėnas, Vismantė Ruzgaitė, Arvydas Dapšys, Nikolas Jaskunas, Rokas Siaurusaitis, Eglė Gabrėnaitė, Saulė Bliuvaitė",
Linie przerywane,2025,Hiszpania,Smart 7,https://www.nowehoryzonty.pl/program/26/linie-przerywane,Anxos Fazáns,Anxos Fazáns,Sandra Roca,"Diana Toucedo, Laura Piñeiro",Xavier Bértolo kostiumy Uxía Vaello scenografia Inés R. Sacristán charakteryzacja Sonia García,,"Roberto Butragueño, Anxos Fazáns, Silvia Fuentes, Nuria Landete","Sétima, Sideral","Mara Sánchez, Adam Prieto",
Nie ma duchów w mieszkaniu na Dobrej,2025,Polska,Smart 7,https://www.nowehoryzonty.pl/program/26/nie-ma-duchow-w-mieszkaniu-na-dobrej,"aktorka drugoplanowa, casting, Złoty Pazur im. Andrzeja Żuławskiego, Nagroda Dziennikarzy Seanse, bilety pt 24 lip, 19:00 dcf la Spotkanie z twórcami audiodeskrypcja sb 25 lip, 13:00 dcf la Spotkanie z twórcami audiodeskrypcja pt 31 lip, 21:30 dcf la audiodeskrypcja i napisy SDH Cena biletu: 29 zł Rabaty dla posiadaczy karty Przyjaciół Kina NH i Nasz Wrocław! Więcej informacji Masz karnet / akredytację. Przejdź do systemu rezerwacji Dodaj metkę Dodaj notatkę Metka 346 osób wybiera się na ten film. A Ty? tak może nie zapisana usuń metkę Emi Buchwald Reżyserka i scenarzystka urodzona w 1991 roku. Absolwentka reżyserii w Szkole Filmowej w Łodzi i kursu dokumentalnego w Szkole Reżyserii Filmowej Andrzeja Wajdy. Autorka krótkometrażowych filmów dokumentalnych i fabularnych: Nauka , Heimat , Piękna łąka kwietna , Echo , wielokrotnie nagradzanych na festiwalach filmowych. Nie ma duchów w mieszkaniu na Dobrej to jej pełnometrażowy debiut fabularny. Wybrana filmografia 2011 Nauka jazdy (short) 2013 Chce mi się pić (short) 2016 Nauka / Education (short) 2017 Heimat (short) 2022 Piękna łąka kwietna / A Beautiful Wildflower Meadow (short) 2025 Nie ma duchów w mieszkaniu na Dobrej / No Ghosts on Good Street Twórcy","Emi Buchwald, Karol Marczak",Tomasz Gajewski,Anna Łuka,"Katarzyna Gawlik, Jerzy Rogiewicz kostiumy Hanna Podraza scenografia Ewa Mroczkowska, Zofia Wilczkowska charakteryzacja Kenaya Huanca-Villan, Kornel Kowalski",,"Jerzy Kapuściński, Magdalena Tomanek",Studio Munka - Stowarzyszenie Filmowców Polskich,"Bartłomiej Deklewa, Izabella Dudziak, Tymoteusz Rożynek, Karolina Rzepa",
Ognie,2025,Islandia,Smart 7,https://www.nowehoryzonty.pl/program/26/ognie,Ugla Hauksdóttir,"Ugla Hauksdóttir, Markus Englmair",Ollie Downey,Kristján Loðmfjörð,"Herdís Stefánsdóttir kostiumy Margrét Einarsdóttir scenografia Heimir Sverrisson charakteryzacja Monika Podnajmer, Dorota Świderska",,"Grímar Jónsson, Klaudia Śmieja-Rostworowska","Bankside Films, Netop Films, Madants","Vigdís Hrefna Pálsdóttir, Joi Johannsson",
Wieczny płomień,2025,Portugalia,Smart 7,https://www.nowehoryzonty.pl/program/26/wieczny-plomien,Pedro Ramalhete,Pedro Ramalhete,Manuel Pinho Braga,Bruno Abib,,Miguel Coelho art director Susana Moura kostiumy Susana Moura charakteryzacja Rita de Castro,Alexandre Oliveira,"Ar de Filmes, Milene Coroado","Henrique Gil, Júlia Valente, Vera Barreto, Eduardo Frazão, João Vicente, Luís Lucas",
Aspen,1991,USA,Pokazy Specjalne,https://www.nowehoryzonty.pl/program/26/aspen,Frederick Wiseman,Frederick Wiseman,John Davey,Frederick Wiseman,,,Frederick Wiseman,Aspen Films,John Denver,
Fucha,1982,Wielka Brytania,Pokazy Specjalne,https://www.nowehoryzonty.pl/program/26/fucha,Jerzy Skolimowski,Jerzy Skolimowski,Tony Pierce-Roberts,Barrie Vince,"Stanley Myers, Hans Zimmer kostiumy Jane Robinson scenografia Tony Woollard charakteryzacja Marsha Lewis, Sheila Thomas",,Jerzy Skolimowski,"Michael White Productions, Channel Four","Jeremy Irons, Eugene Lipiński, Jiri Stanisław, Eugeniusz Haczkiewicz, Dorota Zięciowska",
Fukushima z Bélą Tarrem,2024,Japonia,Pokazy Specjalne,https://www.nowehoryzonty.pl/program/26/fukushima-z-bela-tarrem,Kaori Oda,Kaori Oda,Kaori Oda,Kaori Oda,,,,,Béla Tarr,
Indie Zachodnie,1979,"Francja, Algieria, Mauretania",Pokazy Specjalne,https://www.nowehoryzonty.pl/program/26/indie-zachodnie,Med Hondo,"Daniel Boukman, Med Hondo",François Catonné,Youcef Tobni,"Georges Rabol, Frank Valmont kostiumy Michèle Cerf, Ghyslain Martin scenografia Jacques Saulnier charakteryzacja Josiane Deschamps, Fatiha Robichet",,Med Hondo,"Les Films Soleil O, Yanek Films, Societe Interafricaine de Production Cinemagraphique, Radio Diffusion Television Algerienne, Office National de Cinema Mauritanian","Cyril Aventurin, Fernand Berset, Roland Bertin",
Kino Muranów,2025,"Francja, Polska",Pokazy Specjalne,https://www.nowehoryzonty.pl/program/26/kino-muranow,Olga Prud’homme Farges,Olga Prud’homme Farges,Marek Gajczak,"Aleksandra Idzikowska, Amélie Canini",Henryk Czyż,,"Joël Farges, Aneta Zagórska","Kolam Productions, MoreFilm (Film Kraków)",,
"Lech Janerka – śpij, śpij, inteligencie",2025,Polska,Pokazy Specjalne,https://www.nowehoryzonty.pl/program/26/lech-janerka-spij-spij-inteligencie,Grzegorz Brzozowicz,Grzegorz Brzozowicz,Piotr Smoleński,Piotr Tutka,Lech Janerka,,"Katarzyna Jenkner, Grzegorz Brzozowicz","Fundacja Spectrum, TVP",Lech Janerka,
Lola Montès,1955,"Francja, Niemcy Zachodnie",Pokazy Specjalne,https://www.nowehoryzonty.pl/program/26/lola-montes,Max Ophüls,"Jacques Laurent, Max Ophüls, Annette Wademant",Christian Matras,"Madeleine Gug, Jacqueline Sadoul, Adolf Schlyssleder",Georges Auric kostiumy Georges Annenkov scenografia Jean d'Eaubonne,,"Albert Caraco, André Haguet, Anton Schelkopf","Gamma Film, Florida Films, Union-Film","Martine Carol, Peter Ustinov, Anton Walbrook, Henri Guisol",
Mała mama,2021,Francja,Pokazy Specjalne,https://www.nowehoryzonty.pl/program/26/mala-mama,Céline Sciamma,Céline Sciamma,Claire Mathon,Julien Lacheray,Jean-Baptiste de Laubier kostiumy Céline Sciamma scenografia Lionel Brison charakteryzacja Marie Luiset,,"Bénédicte Couvreur, Claire Langmann",Lilies Films polski dystrybutor Stowarzyszenie Nowe Horyzonty,"Joséphine Sanz, Gabrielle Sanz, Nina Meurisse, Stéphane Varupenne, Margot Abascal",
Memoria,2021,"Kolumbia, Tajlandia, Francja, Niemcy, Meksyk, Katar, Wielka Brytania, Chiny, Szwajcaria",Pokazy Specjalne,https://www.nowehoryzonty.pl/program/26/memoria,Apichatpong Weerasethakul,Apichatpong Weerasethakul,Sayombhu Mukdeeprom,Lee Chatametikool,"César López kostiumy Catherine Rodríguez scenografia Angélica Perea charakteryzacja Abraham Mendoza, Adam Zoller",,"Apichatpong Weerasethakul, Simon Field, Diana Bustamante, Julio Chavezmontes, Charles de Meaux, Keith Griffiths, Michael Weber","Anna Sanders Films, Burning, Illuminations Films, Kick the Machine, Match Factory, Piano polski dystrybutor Stowarzyszenie Nowe Horyzonty","Tilda Swinton, Elkin Díaz, Jeanne Balibar, Daniel Giménez Cacho, Juan Pablo Urrego, Agnes Brekke",
Metamorfoza ptaków,2020,Portugalia,Pokazy Specjalne,https://www.nowehoryzonty.pl/program/26/metamorfoza-ptakow,Catarina Vasconcelos,Catarina Vasconcelos,Paulo Menezes,Francisco Moreira,Madalena Palmeirim charakteryzacja Sara Pereira,,"Pedro Fernandes Duarte, Joana Gusmão, Catarina Vasconcelos",Primeira Idade polski dystrybutor Stowarzyszenie Nowe Horyzonty,"Manuel Rosa, João Móra, Ana Vasconcelos, Henrique Vasconcelos, Inês Melo Campos",
Na spalonym,2006,Iran,Pokazy Specjalne,https://www.nowehoryzonty.pl/program/26/na-spalonym,Jafar Panahi,"Jafar Panahi, Shadmehr Rastin","Rami Agami, Mahmoud Kalari",Jafar Panahi,"Yuval Barazani, Korosh Bozorgpour scenografia Iraj Raminfar charakteryzacja Parmis Zand",,Jafar Panahi,Jafar Panahi Film Productions,"Shima Mobarak-Shahi, Safar Samandar, Shayesteh Irani",
Nagi pocałunek,1964,USA,Pokazy Specjalne,https://www.nowehoryzonty.pl/program/26/nagi-pocalunek,Samuel Fuller,Samuel Fuller,Stanley Cortez,"Jerome Thoms charakteryzacja Harry Thomas, Marie Walter",,,Samuel Fuller,"Allied Artists Pictures, F & F Productions","Constance Towers, Anthony Eisley, Michael Dante, Virginia Grey",
Nowa fala,2025,"Francja, USA",Pokazy Specjalne,https://www.nowehoryzonty.pl/program/26/nowa-fala,Richard Linklater,"Holly Gent, Laetitia Masson, Vincent Palmo Jr., Michèle Pétin",David Chambille,Catherine Schwartz,,Jean Minondo kostiumy Pascaline Chavanne scenografia Katia Wyszkop,"Laurent Pétin, Michèle Pétin","ARP Sélection, Detour Filmproduction, Ciné+OCS polski dystrybutor Stowarzyszenie Nowe Horyzonty","Guillaume Marbeck, Zoey Deutch, Aubry Dullin",
Powwow People,2025,USA,Pokazy Specjalne,https://www.nowehoryzonty.pl/program/26/powwow-people,Sky Hopinka,Sky Hopinka,Shaandiin Tome,Sky Hopinka,,,"John Cardellino, Adam Piron, Emir West",Sundance Institute,"Gina Bluebird, Jacque Clark, Freddie Cozad, Jamie John, Ruben Littlehead, Shaandiin Tome",
"R21, czyli odrestaurowanie solidarności",2022,"Katar, Palestyna, Belgia",Pokazy Specjalne,https://www.nowehoryzonty.pl/program/26/r21-czyli-odrestaurowanie-solidarnosci,Mohanad Yaqubi,"Rami Nihawi, Lisa Spilliaert, Mohanad Yaqubi",Casey Asprooth-Jackson,Rami El Nihawi,,Raf Enckels,"Mohanad Yaqubi, Sami Said","Doha Film Institute, Escautville, Idioms Film, SAK A DO, Vlaams Audiovisueel Fonds",,
Sen dłuższy niż noc,1976,Francja,Pokazy Specjalne,https://www.nowehoryzonty.pl/program/26/sen-dluzszy-niz-noc,Niki de Saint Phalle,Niki de Saint Phalle,Bernard Zitzermann,"Dominique Cazeneuve, Nicole Garnier",Peter Whitehead,Paul Bertault kostiumy Marina Karella scenografia Niki de Saint Phalle,Claude Jauvert,Auditel,"Laura Duke Condominas, Laurence Bourqui, Laurent Condomidas, Niki de Saint Phalle",
Światło,1976,"Francja, Włochy",Pokazy Specjalne,https://www.nowehoryzonty.pl/program/26/swiatlo,Jeanne Moreau,Jeanne Moreau,Ricardo Aronovich,Albert Jurgenson,"Astor Piazzolla kostiumy Christian Gasc charakteryzacja Ronaldo Abreu, Chantal Durpoix",,Claire Duval,"Orphée Arts, FR 3 Cinéma, Tritone Cinematografica","Jeanne Moreau, Lucia Bosè, Francine Racette, Caroline Cartier, Bruno Ganz",
To Dance Is to Resist,2026,"Ukraina, Niemcy",Pokazy Specjalne,https://www.nowehoryzonty.pl/program/26/to-dance-is-to-resist,Julian Lautenbacher,"Julian Lautenbacher, Nadiia Khatymlianska, Sasha Ongley",Julian Lautenbacher,Nadiia Khatymlianska,,,"Sasha Ongley, Julian Lautenbacher",PM Film Production,"Vol'demar Kabus, Jay LeRêve",
Zestaw Alego Cherriego,,,Pokazy Specjalne,https://www.nowehoryzonty.pl/program/26/zestaw-alego-cherriego,Ali Cherri,Ali Cherri,Bassem Fayad,Denis Bedlow,Cynthia Zaven kostiumy Joanna Syrimi scenografia Marios Neocleous charakteryzacja Yiorgos Vavanos,,"Leonardo Bigazzi, Janja Kralj","In Between Art Film, KinoElektron",Halil Ersev Gökçek,
Błogosławieni niszczyciele,2025,"Litwa, Francja, Łotwa",Front Wizualny,https://www.nowehoryzonty.pl/program/26/blogoslawieni-niszczyciele,"(Konkurs Envision) Dostępność online 23 lip, 12:00 – 9 sie Cena dostępu: 22 zł Seanse, bilety pt 24 lip, 13:15 dcf p nd 26 lip, 10:15 knh 3 Spotkanie z twórcami pn 27 lip, 19:15 knh 3 Spotkanie z twórcami Cena biletu: 29 zł Rabaty dla posiadaczy karty Przyjaciół Kina NH i Nasz Wrocław! Więcej informacji Masz karnet / akredytację. Przejdź do systemu rezerwacji Dodaj metkę Dodaj notatkę Metka 303 osób wybiera się na ten film. A Ty? tak może nie zapisana usuń metkę Aistė Žegulytė Litewska artystka urodzona w 1986 roku. Studiowała fotografię i reżyserię filmową w Wilnie, realizowała krótkometrażowe filmy fabularne i dokumentalne. W pełnym metrażu zadebiutowała dokumentem Animus animalis (historie ludzi, zwierząt i rzeczy) , pokazywanym na festiwalach w Lipsku, Salonikach i Brukseli. Jej najnowszy film Błogosławieni niszczyciele miał premierę podczas IDFA, po czym znalazł się w programie CPH:DOX, Tallinn Black Nights Film Festival i Nowych Horyzontów. Filmografia 2018 Animus Animalis (historie ludzi, zwierząt i rzeczy) / Animus Animalis (a story about People, Animals and Things) 2025 Błogosławieni niszczyciele / Biodestruktoriai / Holy Destructors Twórcy","Aistė Žegulytė, Vėjūnė Tamuliūnaitė, Licia Eminenti","Vytautas Katkus, Dr. Patrick C. Hickey",Danielius Kokanauskis,Gediminas Jakubka,Ken Yasumoto,"Uljana Kim, Migla Butkutė","Studio Uljana Kim, To Be Continued, Studio Locomotive",,
Bouchra,2025,"USA, Włochy, Maroko",Front Wizualny,https://www.nowehoryzonty.pl/program/26/bouchra,"Orian Barki, Meriem Bennani","Orian Barki, Meriem Bennani, Ayla Mrabet",John Michael Boling,"Orian Barki, Meriem Bennani","Flavien Berger kostiumy Becky Akinyode scenografia Meriem Bennani, John Michael Boling",,"John Michael Boling, Jason Coombs","2 Lizards Production, Hi Production, Fondazione Prada","Meriem Bennani, Yto Barrada, Orian Barki, Ariana Faye Allensworth, Salima Dhaibi, Fatim-Zahra Alami",
Chronovisor,2026,USA,Front Wizualny,https://www.nowehoryzonty.pl/program/26/chronovisor,"Kevin Walker, Jack Auen","Kevin Walker, Jack Auen",Leo Zhang,"Kevin Walker, Jack Auen",Gustav Holst scenografia Alex Peña,,"Jason Zuriff, Jack Auen, Kevin Walker, Anne Laure Sellier",Cosmic Salon,"Anne Laure Sellier, Nicholas Tebben, Nicole Dombrowski Risser, Alex Kolodkin, Jose Pacheco de Almeida",
Ciało do życia,2025,USA,Front Wizualny,https://www.nowehoryzonty.pl/program/26/cialo-do-zycia,Angelo Madsen,Angelo Madsen,Talena Sanders,"Frédéric Tcheng, Malika Zouhali-Worrall",,Jessica Pavone,"Luka Fisher, Lyle Kash","Cinereach, Hard Flow, Catapult Film Fund","Ron Athey, Rig Daddi, Vaginal Davis, Cléo Dubois, Divinity P. Fudge",
Ciało Teresy,2026,"Austria, Polska",Front Wizualny,https://www.nowehoryzonty.pl/program/26/cialo-teresy,Magdalena Chmielewska,Magdalena Chmielewska,Zuza Kernbach,Anna Garncarczyk,,"Karim Weth, Anna Rok","Camille Chanel, Magdalena Chmielewska, Sylwia Szczechowicz-Warszewska",,"Teresa Chmielewska, Magdalena Chmielewska, Aleksandra Chmielewska-Grzegorzek",
Levers,2025,Kanada,Front Wizualny,https://www.nowehoryzonty.pl/program/26/levers,Rhayne Vermette,Rhayne Vermette,"Rhayne Vermette, Ryan Steel, Heidi Phillips, Kristiane Church",Rhayne Vermette,Rhayne Vermette scenografia Janelle Tougas,,"Rhayne Vermette, Oliver King, Charlene Moore",Exovedate Productions LTD,"Val Vint, Andrina Turenne, Will George",
MACDO,2025,"Meksyk, Grecja",Front Wizualny,https://www.nowehoryzonty.pl/program/26/macdo,Racornelia,Racornelia,Negin Khazaee,"Racornelia, Alejandro Puente Ropero",,"Racornelia, Jesus Arteaga kostiumy Gabriela Fernandez charakteryzacja Adam Zoller","Racornelia, Amat Escalante, Elias Katsoufis","Enantiodromia, Tres Tunas, Haos Film","Alicia Campillo Salinas, Eduardo Campillo Salinas, Adolfo Jiménez Castro, Joaquin del Paso",
Pory roku,2025,"Portugalia, Francja, Hiszpania, Austria",Front Wizualny,https://www.nowehoryzonty.pl/program/26/pory-roku,Maureen Fazendeiro,Maureen Fazendeiro,"Robin Fresson, Marta Simões","Telmo Churro, Maureen Fazendeiro",Luís J. Martins kostiumy Melania Freire,,"Sandro Aguilar, Luís Urbano, Beli Martínez, Valentina Novati, Lukas Valenta Rinner","Filmika Galaika, Nabis Filmgroup, Norte Productions, O Som e a Fúria","Simão Ramalho, Cláudio da Silva, Ana Potra, Manuel Leitão, António Sozinho",
Reduta,2025,"Holandia, Dania, Szwecja, Finlandia, Polska",Front Wizualny,https://www.nowehoryzonty.pl/program/26/reduta,John Skoog,"Kettil Kasang, John Skoog",Ita Zbroniec-Zajt,"Jussi Rautaniemi, John Skoog",Amina Hocine kostiumy Fianna Robijn scenografia Søren Schwartzberg charakteryzacja Clara Bourgeot,,"Caroline Drab, Erik Hemmendorff","Plattform Produktion, Bord Cadre Films, Bufo, Film i Skåne, Lemming Film, Paloma Productions","Denis Lavant, Agnieszka Podsiadlik, Aron Skoog, Livia Millhagen, Michalis Koutsogiannakis",
Widzenie Peryferyjne - zestaw,,,Front Wizualny,https://www.nowehoryzonty.pl/program/26/widzenie-peryferyjne-zestaw,Alice Brygo,"Alice Brygo, Paulo Gatabase",Alice Brygo,Alice Brygo,"Fatma Pneumonia, Paul Lajus","Paul Lajus, Alice Brygo, M’Hand Abadou Djezaira, Clémence Dufieux, Benjamin Poilane animacja Alice Brygo",Luc-Jérôme Bailleul,Le Fresnoy,,
Wolfgang,2026,"Iran, Francja, Szwajcaria",Front Wizualny,https://www.nowehoryzonty.pl/program/26/wolfgang,Filmsaaz,Filmsaaz,"Saleh Kashefi, Myriam Guyenard",Saleh Kashefi,Filmsaaz,Saleh Kashefi scenografia Kaiyu Liu,"Saleh Kashefi, Thomas Jacquey, Leopold Helbich Frey","Saazofilm (the world is ending and i'm making my films), En Marge","Ghazal Shojaei, Kata, Saeed Mirzaei",
Złudzenie,2025,"Wielka Brytania, Francja, Kanada",Front Wizualny,https://www.nowehoryzonty.pl/program/26/zludzenie,Ben Rivers,Ben Rivers (na podstawie sztuki/based on the play The Word for Snow by Don DeLillo),"Ben Rivers, Carmen Pellon","Armiliah Aripin, Ben Rivers",,Philippe Ciompi scenografia Louis Gibson,"Ben Rivers, Andrea Queralt","Urth Films, La Bête",Moon Guo Barker,
Allegro Pastell,2026,Niemcy,Trzecie Oko: Klub Złamanych Serc,https://www.nowehoryzonty.pl/program/26/allegro-pastell,Anna Roller,Leif Randt,Felix Pflieger,Andreas Wodraschke,"Max Rieger kostiumy Belle Santos scenografia Lena Müller, Luisa Rauschert charakteryzacja Sabeth Kelwing Jimenez",,"Tobias Walker, Philipp Worm","Walker + Worm Film, ARD Degeto","Sylvaine Faligant, Jannis Niewöhner, Haley Louise Jones, Luna Wedler, Martina Gedeck, Nico Ehrenteit",
Aro berria,2025,Hiszpania,Trzecie Oko: Klub Złamanych Serc,https://www.nowehoryzonty.pl/program/26/aro-berria,Irati Gorostidi Agirretxe,Irati Gorostidi Agirretxe,Ion de Sosa,Ariadna Ribas Surís,Beatriz Vaca (Narcoleptica) kostiumy Javier Bernal Belchí,,"Leire Apellaniz, Claudia Salcedo","Apellaniz & De Sosa, Elkargi SGR, Euskal Irrati Telebista","Maite Muguerza Ronse, Jon Ander Urresti, Edurne Azkarate, Óscar Pascual, Aimar Uribe",
Fantazja,2025,Francja,Trzecie Oko: Klub Złamanych Serc,https://www.nowehoryzonty.pl/program/26/fantazja,Isabel Pagliai,"Isabel Pagliai, Mathias Bouffier",Isabel Pagliai,Mathias Bouffier,,"Ugo Donias, Frédéric Hamelin, Simon Apostolou","Martin Bertier, Helen Olive",5A7 Films,,
MAG MAG,2025,Japonia,Trzecie Oko: Klub Złamanych Serc,https://www.nowehoryzonty.pl/program/26/mag-mag,Retriever Yuriyan,Eisuke Naitô,Hideki Shima,Taki Yasuda,Yonkey,,Daisuke Takahashi,K2 Pictures,"Mai Fukagawa, Tetsu Hirahara, Atsuko Hirata",
Motyl,2026,"Norwegia, Szwecja, Wielka Brytania, Niemcy",Trzecie Oko: Klub Złamanych Serc,https://www.nowehoryzonty.pl/program/26/motyl,Itonje Søimer Guttormsen,Itonje Søimer Guttormsen,David Raedeker,"Kristin Grundström, Itonje Søimer Guttormsen",Erik Ljunggren,Andreas Frank scenografia Maja Nilsen,Maria Ekerhovd,"Mer Film, Quiddity Films, Zentropa International Sweden, Nord Film","Renate Reinsve, Helene Bjørneby, Numan Acar",
Na zawsze twoja matczyna istota,2026,"Belgia, Francja, Meksyk",Trzecie Oko: Klub Złamanych Serc,https://www.nowehoryzonty.pl/program/26/na-zawsze-twoja-matczyna-istota,Valentina Maurel,Valentina Maurel,Nicolás Wong,Bertrand Conard scenografia Julián Gómez,,,"Grégoire Debailly, Benoit Roland","Geko Films, Pimienta Films, Wrong Men North","Reinaldo Amien, Marina de Tavira, Daniela Marín Navarro, Mariangel Villegas",
Nagły przebłysk słodyczy,2026,"Szwecja, Norwegia",Trzecie Oko: Klub Złamanych Serc,https://www.nowehoryzonty.pl/program/26/nagly-przeblysk-slodyczy,Ester Bergsmark,Ester Bergsmark,"Minka Jakerson, Ester Bergsmark","Ester Bergsmark, Anna Eborn, Isabella Karlström, Marion Tuor & Neil Wigart",Elin Piel,,Anna-Maria Kantarius,"Arktisk Film, NorgeFilm, SztokholmFilm i Väst",,
Piękny i schludny pokój,2025,"USA, Austria",Trzecie Oko: Klub Złamanych Serc,https://www.nowehoryzonty.pl/program/26/piekny-i-schludny-pokoj,Maria Petschnig,"Maria Petschnig, Thomas Brooks","Jamal Solomon, Maria Petschnig",Maria Petschnig,Christoper LaRose,Neil Benezra kostiumy Sylvia Gruber scenografia Sylvia Gruber,Maria Petschnig,BMWKMS – innovative film Land Kärnten Kultur,"Charlotte Aubin, Ari Brand, Erica Sarda, Mark Bracich, Adam Ratcliffe, Julie Chapin, Jordan Dallam, Jefrey B. Wilkerson, Kevin Trinio Perdido",
Prawdziwie nadzy,2026,"Holandia, Belgia, Francja",Trzecie Oko: Klub Złamanych Serc,https://www.nowehoryzonty.pl/program/26/prawdziwie-nadzy,Muriel d'Ansembourg,Muriel d'Ansembourg,Myrthe Mosterman,Emiel Nuninga,"Evgueni Galperine, Sacha Galperine",Herman Pieëte kostiumy Isabel Van Renterghem scenografia Fleur Ankoné charakteryzacja Diana Dreesen,"Els Vandevorst, Isabella Depeweg","Isabella Films, Ici et Là Productions","Caolán O'Gorman, Andrew Howard, Alessa Savage, Safiya Benaddi, Lyndsey Marshal",
Shana,2026,Francja,Trzecie Oko: Klub Złamanych Serc,https://www.nowehoryzonty.pl/program/26/shana,Lila Pinell,"Catherine Paillé, Lila Pinell, Elie Wajeman",Victor Zébo,"Jean-Christophe Hym, Emma Augier",,"Nassim El Mounabbih scenografia Laure Satge, Valentine Fell","Emmanuel Chaumet, Charles Gillibert","Ecce Films, CG Cinéma","Eva Huault, Noémie Lvovsky, Palachandiran Thyshaant, Inès Anane, Anaïs Monah",
Dziecko nocy,2026,"Finlandia, Litwa, Francja, Wielka Brytania",Nocne Szaleństwo,https://www.nowehoryzonty.pl/program/26/dziecko-nocy,Hanna Bergholm,"Hanna Bergholm, Ilja Rautsi",Pietari Peltola,Jussi Rautaniemi,Eicca Toppinen kostiumy Tiina Kaukanen scenografia Kari Kankaanpää charakteryzacja Riikka Virtanen,,"Daniel Kuitunen, Noëmie Devide","Elokuvayhtiö Komeetta Oy, Bluelight Nightborn Limited polski dystrybutor Monolith Films","Seidi Haarla, Rupert Grint, Pamela Tola, Pirkko Saisio, Rebecca Lacey, John Thomson",
Gatunek wybuchowy,2026,"Francja, Włochy",Nocne Szaleństwo,https://www.nowehoryzonty.pl/program/26/gatunek-wybuchowy,Sarah Arnold,"Sarah Arnold, Jérémie Dubois",Noé Bach,Isabelle Manquillet,"Florencia Di Concilio scenografia Gaëlle Usandivaras charakteryzacja Laure Giroult, Géraldine Lemaire",,"Martin Bertier, Helen Olive","5à 7 Films, France 3 Cinéma, Playtime","Alexis Manenti, Ella Rumpf, Vincent Dedienne, Jean-Louis Coulloc'h, Pascal Rénéric",
Gorgona,2025,"Grecja, Francja",Nocne Szaleństwo,https://www.nowehoryzonty.pl/program/26/gorgona,Evi Kalogiropoulou,Evi Kalogiropoulou,Giorgos Valsamis,Yorgos Zafeiris,"Ilias Kampanis, Nick Athens, Karolos Berahas kostiumy Anna Zotou, Evelina Darzenta scenografia Stavros Liokalos charakteryzacja Alexandra Myta, Olga Patsiou",,"Amanda Livanou, Nathalie Mesuret, Bertrand Gore, Alexandre Perrier, Fenia Cossovitsa","Neda Film, Blue Monday Productions, Blonde, Kidam","Melissanthi Mahut, Aurora Marion, Christos Loulis, Kostas Nikouli, Stavros Svigkos, Hercules Tsuzinov, Ksenia Ntania, Erifili Kitzoglou, Errika Bigiou, Niki Vakali, Myrto Kontoni,Nayla Gougni, Vassilis Mihas, Tonia Sotiropoulou",
Leviticus,2026,Australia,Nocne Szaleństwo,https://www.nowehoryzonty.pl/program/26/leviticus,Adrian Chiarella,Adrian Chiarella,Tyson Perkins,Nick Fenton,Jed Kurzel kostiumy Zohie Castellano scenografia Bethany Ryan charakteryzacja Gavin Turnbull,,"Hannah Ngo, Samantha Jennings, Kristina Ceyton","Causeway Films, Salmira Productions","Joe Bird, Stacy Clausen, Jeremy Blewitt, Mia Wasikowska",
Lewitując,2026,"Indonezja, Singapur, Filipiny, Francja, Tajwan, Tajlandia, Korea Południowa",Nocne Szaleństwo,https://www.nowehoryzonty.pl/program/26/lewitujac,Wregas Bhanuteja,"Wregas Bhanuteja, Defi Mahendra, Alicia Angelina",Gunnar Nimpuno,Ahmad Yuniardi,Yennu Ariendra kostiumy Fadillah Putri Yunidar charakteryzacja Jerry Octavianus,,"Siera Tamihardja, Iman Usman, Amalia Rusdi",Rekata Studio,"Angga Yunanda, Anggun, Maudy Ayunda, Bryan Domani, Chicco Kurniawan",
Niech żyją nam,2026,Francja,Nocne Szaleństwo,https://www.nowehoryzonty.pl/program/26/niech-zyja-nam,Léa Mysius,Léa Mysius,Paul Guilhaume,Yorgos Lamprinos,Florencia Di Concilio,"Victor Praud, Olivier Struye, Alexis Meynet kostiumy Judith de Luze scenografia Esther Mysius","Jean-Louis Liu, Jean-Louis Livi, Marie-Ange Luciani",F comme Film polski dystrybutor So Films,"Hafsia Herzi, Benoît Magimel, Bastien Bouillon, Monica Bellucci, Tawba El Gharchi, Paul Hamy, Alan Delhaye, Servane Ducorps, Tatia Tsuladze",
Proste koło,2025,Wielka Brytania,Nocne Szaleństwo,https://www.nowehoryzonty.pl/program/26/proste-kolo,Oscar Hudson,Oscar Hudson,Christopher Ripley,Fouad Gaber,Maxwell Sterling kostiumy Darion Hing scenografia Luke Moran-Morris,,"Kevin Rowe, Thomas Benski, Rik Green, Riaz Rizvi","2AM, Such Content, MAGNA Studios, BBC Film, Helekan Pictures, Prospect Avenue","Luke Tittensor, Elliott Tittensor, Neil Maskell",
Sacharyna,2026,Australia,Nocne Szaleństwo,https://www.nowehoryzonty.pl/program/26/sacharyna,Natalie Erika James,Natalie Erika James,Charlie Sarroff,Sean Lahiff,"Hannah Peel kostiumy Steph Hooke scenografia Josephine Wagstaff charakteryzacja Angela Conte, Lee Norris",,"Anna McLeish, Sarah Shaw, Natalie Erika James","Stan, Carver Films, Thrum Films","Midori Francis, Madeleine Madden, Danielle Macdonald",
Twierdza cnoty,1973,Meksyk,Nocne Szaleństwo,https://www.nowehoryzonty.pl/program/26/twierdza-cnoty,Arturo Ripstein,"José Emilio Pacheco, Arturo Ripstein",Alex Phillips,Rafael Castanedo,Joaquín Gutiérrez Heras kostiumy Carlos Chávez scenografia Lucero Isaac charakteryzacja Elda Loza,,Angélica Ortiz,Estudios Churubusco Azteca S.A.,"Claudio Brook, Rita Macedo, Arturo Beristáin, Diana Bracho",
Victorian Psycho,2026,USA,Nocne Szaleństwo,https://www.nowehoryzonty.pl/program/26/victorian-psycho,Zachary Wigon,Virginia Feito,Nico Aguilar,"Dustin Chow, Lance Edmands",Ariel Marx kostiumy Allison Byrne scenografia Jeremy Reed,,"Dan Kagen, Sébastien Raybaud, Nick Shumaker, Liz Siegal, Zachary Wigon","Anonymous Content, Anton, Traffic. polski dystrybutor Kino Świat","Maika Monroe, Jason Isaacs, Ruth Wilson, Thomasin McKenzie, Evie Templeton, Jacobi Jupe",
Carcasse,2017,"Francja, Islandia",Lost Lost Lost,https://www.nowehoryzonty.pl/program/26/carcasse,"Clémentine Roy, Gústav Geir Bollason","Clémentine Roy, Gústav Geir Bollason","Clémentine Roy, Gústav Geir Bollason",Ninon Liotet,,Gábor Ripli,Yves Roy,Parkadia,,
"Jeśli się przewrócę, nie podnoś mnie",2024,Irlandia,Lost Lost Lost,https://www.nowehoryzonty.pl/program/26/jesli-sie-przewroce-nie-podnos-mnie,Declan Clarke,Declan Clarke,Simon Köcher,Declan Clarke,"Matthias Claudius, Johann Abraham, Peter Schulz, Rolf Lukowsky","Francisco Petrucci, Stevie Lennox, Jamie Lemoine",Candice Gordon,"Embassy of Ireland, Germany",Walter D. Asmus,
Natura,2023,Finlandia,Lost Lost Lost,https://www.nowehoryzonty.pl/program/26/natura,Matti Harju,Matti Harju,Matti Harju,Matti Harju,Asko Lintunen,Petrus Rapo scenografia Matti Harju,Matti Harju,,"Asko Lintunen, Jarmo Kämäräinen, Juha Lilja",
Noc się dłuży,2023,Francja,Lost Lost Lost,https://www.nowehoryzonty.pl/program/26/noc-sie-dluzy,Mathilde Girard,Mathilde Girard,Robin Fresson,Léo Richard,,Luc Chessel,"Mathilde Girard, Félicie Roger, Anthony Lapia, Lorenzo Bianchi",Société Acéphale,"Anna Cohen-Yanay, Anne-Lise Broyer, Michaël Bejaoui-Evans, Elodie Tamayo",
Nocny spacer,2023,Korea Południowa,Lost Lost Lost,https://www.nowehoryzonty.pl/program/26/nocny-spacer,Sohn Koo-Yong,Sohn Koo-Yong,Sohn Koo-Yong,Sohn Koo-Yong,,Sohn Koo-Yong,Sohn Koo-Yong,SKY Film,,
Otwarte niebo,2023,"Peru, Francja",Lost Lost Lost,https://www.nowehoryzonty.pl/program/26/otwarte-niebo,Felipe Esparza Pérez,Felipe Esparza Pérez,Fernando Criollo ,"Felipe Esparza Pérez, Kendra McLaughlin",Nantu Studio,"Yannick Delmaire , Juan Carlos Rosales, Edward De Ybarra scenografia Victoria Arias","Victoria Arias, Lorena Tulini, Felipe Esparza Pérez","Pai Films, Milk Studio","Dionicio Huaraccallo Idme, Moisés Jiménez Carbajal, Julio Carcausto Larito, Mayra Ferrer",
Smuga cieni,1997,Hiszpania,Lost Lost Lost,https://www.nowehoryzonty.pl/program/26/smuga-cieni,José Luis Guerín,José Luis Guerín,Tomàs Pladevall,"Manel Almiñana, José Luis Guerín","Claude Debussy, Jacques Offenbach, Maurice Ravel, Arnold Schönberg kostiumy Isabel Caellas scenografia Rosa Ros",,"Joan Antoni González, Pere Portabella","Films 59, Grupo Cine Arte, Institut del Cinema Català (ICC)","Juliette Gautier, Ivon Orvain, Anne Céline Auche, Céline Laurent, Simone Mercier, Carles Romagosa",
Zatoka,2021,Brazylia,Lost Lost Lost,https://www.nowehoryzonty.pl/program/26/zatoka,Murilo Salles,"Itauana Coquet, Eva Randolph, Murilo Salles","Leo Bittencourt, Fabricio Mota",Eva Randolph,"João Jabace, Sarah Lelièvre","João Jabace, Sarah Lelièvre, Felipe Luz",Murilo Salles,Cinema Brasil Digital (Brazil),"Evando Herminio da Silva, Luiz Evandro Goncalves da Silva, Gerson Benicio Ferreira, Guarany",
7 spacerów z Markiem Brownem,2024,Francja,Garden Party,https://www.nowehoryzonty.pl/program/26/7-spacerow-z-markiem-brownem,"Vincent Barré, Pierre Creton","Vincent Barré, Pierre Creton","Pierre Creton, Antoine Pirotte, Sophie Roger","Vincent Barré, Pierre Creton",,,Arnaud Dommerc,Andolfi,Mark Brown,
Central Park,1990,USA,Garden Party,https://www.nowehoryzonty.pl/program/26/central-park,Frederick Wiseman,Frederick Wiseman,John Davey,Frederick Wiseman,Midnight Oil,,Frederick Wiseman,Zipporah Films,"LeVar Burton, Francis Ford Coppola, Ed Koch, Midnight Oil, Luciano Pavarotti, Vittorio Storaro",
Cud kwiatów,1926,Niemcy,Garden Party,https://www.nowehoryzonty.pl/program/26/cud-kwiatow,Max Reichmann,Max Reichmann kostiumy Renate Wangenheim,,,,,,"BASF, Unterrichtsfilm GmbH","Elisabeth Grube, Herbert Haskel, Stefa Kraljewa, Maria Matray, Daisy Spies, Max Terpis",
Dzikie rośliny,2016,"Szwajcaria, Niemcy",Garden Party,https://www.nowehoryzonty.pl/program/26/dzikie-rosliny,Nicolas Humbert,Nicolas Humbert,Marion Neumann,Simone Fürbringer,Georg Zeitblom,,Joëlle Bertossa,"Close Up Films, Leykauf Film",,
Filipiñana,2026,"Singapur, Wielka Brytania, Filipiny, Francja, Holandia",Garden Party,https://www.nowehoryzonty.pl/program/26/filipinana,Rafael Manuel,Rafael Manuel,Xenia Patricia,Rafael Manuel,,"Vincent Villa kostiumy Carla Villanueva, Tatjana Fanny Honegger scenografia Tatjana Fanny Honegger","Jeremy Chua, Alex Polunin, Bianca Balbuena, Bradley Liew, Nadia Turincev, Omar El Kadi, Rafael Manuel","Epicmedia Productions, Ossian International, Protocol","Jorrybell Agoto, Carmen Castellanos, Teroy Guzman, Carlitos Siguion-Reyna, Isabel Sicat, Nour Houshmand",
Komety,2019,Gruzja,Garden Party,https://www.nowehoryzonty.pl/program/26/komety,Tamar Shavgulidze,Tamar Shavgulidze,Giorgi Shvelidze,Nodar Nozadze,"Nodar Nozadze, Natia Sartania kostiumy Tinatin Kvinikadze scenografia Salome Skhirtladze charakteryzacja Salome Zakaraia",,"Tekla Machavariani, Aleksandre Shervashidze","Georgian National Film Centre, Nushi Film","Nino Kasradze, Ketevan Gegeshidze, Nina Mazodier, Mariam Iremashvili, Kato Kalatozishvili",
Koszmarne podszepty,2026,Kanada,Garden Party,https://www.nowehoryzonty.pl/program/26/koszmarne-podszepty,"Renaud Després-Larose, Ana Tapia Rousiouk","Geneviève Ackerman, Renaud Després-Larose, Marie Eve Loyez, Ana Tapia Rousiouk",Renaud Després-Larose,Renaud Després-Larose,"Claude Debussy, Witold Lutosławski scenografia Charles-Antoine Turcot",,Renaud Després-Larose,Filma Fragiles,"Marie Eve Loyez, Geneviève Ackerman, Frédérik Dufour, Xavier Neszvecsko",
Krwiożercza roślina (wersja reżyserska),1986,USA,Garden Party,https://www.nowehoryzonty.pl/program/26/krwiozercza-roslina-wersja-rezyserska,Frank Oz,"Howard Ashman, Charles B. Griffith",Robert Paynter,"Gillian L. Hutshing, John Jympson",Miles Goodman kostiumy Marit Allen scenografia Roy Walker charakteryzacja Paul Engelen,,David Geffen,The Geffen Company,"Levi Stubbs, Rick Moranis, Ellen Greene, Vincent Gardenia",
Linie pożądania,2025,"Serbia, Chorwacja, Holandia, Bośnia i Hercegowina",Garden Party,https://www.nowehoryzonty.pl/program/26/linie-pozadania,Dane Komljen,"Dane Komljen, Tanja Šljivar","Ivan Marković, Jenny Lou Ziegel",Dane Komljen,,"Jakov Munižaba kostiumy Strahinja Tabaković charakteryzacja Tina Jesenković, Iris Miletić","Nataša Damnjanović, Vladimir Vidić","Dart Film & Video, Pipser, Flaneur Films, SeriousFilm","Ivan Čuić, Branka Katić, Petja Golec Horvat, Rok Juričić, Nadim Hendawi, Boban Kaluđer, Eva Voštinić, Jovana Trninić, Matija Radovanović, Mili Grujić, Đorđe Galić, Vidan Miljković, Iva Babić",
Ogród,1990,"Wielka Brytania, Niemcy, Japonia",Garden Party,https://www.nowehoryzonty.pl/program/26/ogrod,Derek Jarman,Derek Jarman,Christopher Hughes,Peter Cartwright,"Simon Fisher-Turner kostiumy Annie Symons scenografia Derek Brown, Christopher Hobbs charakteryzacja Thelma Mathews",,James Mackay,Basilisk Communications,"Tilda Swinton, Johnny Mills, Philip MacDonald, Pete Lee-Wilson, Spencer Leigh",
Owoce rajskich drzew spożywamy,1969,"Czechosłowacja, Belgia",Garden Party,https://www.nowehoryzonty.pl/program/26/owoce-rajskich-drzew-spozywamy,Věra Chytilová,"Věra Chytilová, Ester Krumbachová",Jaroslav Kučera,Miroslav Hájek,"Zdeněk Liška kostiumy Ester Krumbachová scenografia Vladimír Labský charakteryzacja Josef Lojik, Ivana Peštuková",,"Pavel Jurácek, Jaroslav Kučera, Bronka Ricquier","Elisabeth Films, Filmové studio Barrandov","Jitka Novákova, Karel Novak, Jan Schmid",
Uroczystość w ogrodzie botanicznym,1969,Czechosłowacja,Garden Party,https://www.nowehoryzonty.pl/program/26/uroczystosc-w-ogrodzie-botanicznym,Elo Havetta,"Lubor Dohnal, Elo Havetta",Dodo Šimončič,Alfréd Benčič,"Zdeněk Liška kostiumy Alena Breceljová, Jozef Ciller scenografia Vladimir Popovic charakteryzacja Michal Jurkovič",,Alexej Artim,Slovenská filmová tvorba Koliba,"Slavoj Urban, Jirí Sýkora, Nina Divísková, Dušan Blaškovič",
Dagerotypy,1975,"Francja, Niemcy Zachodnie",Instytucje / Struktury / Wspólnoty,https://www.nowehoryzonty.pl/program/26/dagerotypy,Agnès Varda,Agnès Varda,"Nurith Aviv, William Lubtchansky","Andrée Choty, Gordon Swire",,"Jean-François Auger, Antoine Bonfanti",,"Ciné-tamaris, Institut National de l'Audiovisuel (INA), Zweites Deutsches Fernsehen (ZDF)","Lucien Bossy, Leance Debrossian, Marcelle Debrossian, Robert François",
Egzamin wstępny,2016,Francja,Instytucje / Struktury / Wspólnoty,https://www.nowehoryzonty.pl/program/26/egzamin-wstepny,Claire Simon,Claire Simon,Claire Simon,"Emma Benestan, Luc Forveille, Giorgia Villa",,"Olivier Hespel, Nathalie Vidal","Arnaud Dommerc, Belinda Leduc",Andolfi,,
Izba przyjęć,1988,Francja,Instytucje / Struktury / Wspólnoty,https://www.nowehoryzonty.pl/program/26/izba-przyjec,Raymond Depardon,Raymond Depardon,,"Roger Ikhlef, Jacqueline Guillet-Leroux",,,Claudine Nougaret,"TF1 Films Production, Double D Copyright Films, CNC",,
Nasze ciało,2023,Francja,Instytucje / Struktury / Wspólnoty,https://www.nowehoryzonty.pl/program/26/nasze-cialo,Claire Simon,Claire Simon,Claire Simon,Flavia Cordey,Elias Boughedir,"Nathalie Vidal, Elias Boughedir","Aude Cathelin, Kristina Larsen",Madison Films,,
Nienormalni,1990,Polska,Instytucje / Struktury / Wspólnoty,https://www.nowehoryzonty.pl/program/26/nienormalni,Jacek Bławut,Jacek Bławut,"Jerzy Rudziński, Tadeusz Piróg",Józefa Strześniewska,,,Jacek Bławut,"Filmów Jacek Bławut, Wytwórnia Filmów Oświatowych, STO Films, Shop-Tronik",,
Opieka społeczna,1975,USA,Instytucje / Struktury / Wspólnoty,https://www.nowehoryzonty.pl/program/26/opieka-spoleczna,Frederick Wiseman,Frederick Wiseman,Frederick Wiseman,Frederick Wiseman,,,Frederick Wiseman,Zipporah Films,,
Osądzanie na Węgrzech,2013,"Węgry, Niemcy, Portugalia",Instytucje / Struktury / Wspólnoty,https://www.nowehoryzonty.pl/program/26/osadzanie-na-wegrzech,Eszter Hajdú,Eszter Hajdú,"István Szőnyi, Eszter Hajdu, Gábor Medvigy, András Horváth, Péter Steiner, János Varga, Viktor Csaba Németh, Csaba Bedő",Bence Bartos,Sandor Mester,János Bohus,,"Doc Society, Britdoc Foundation, Miradouro Media, Perfect Shot Films",,
Wielka cisza,2005,"Francja, Szwajcaria, Niemcy",Instytucje / Struktury / Wspólnoty,https://www.nowehoryzonty.pl/program/26/wielka-cisza,Philip Groening,Philip Gröning,Philip Gröning,Philip Gröning,,,"Philip Gröning, Elda Guidinetti, Andres Pfäffli, Michael Weber","ARTE, Bavaria Film, Bavaria-Filmkunst Verleih",,
Bagno,2001,"Argentyna, Francja, Hiszpania, Japonia",Tropikalny Gotyk,https://www.nowehoryzonty.pl/program/26/bagno,Lucrecia Martel,Lucrecia Martel,Hugo Colace,"Santiago Ricci scenografia Graciela Oderigo charakteryzacja Marisa Amenta, Marisa Menta, Sebastián Molchasky",,,Lita Stantic,"4k Films, Wanda Visión, Cuatro Cabezas, TS Productions","Mercedes Morán, Graciela Borges, Martín Adjemián, Leonora Balcarce, Silvia Baylé, Sofia Bertolotto, Juan Cruz Bordeu",
Czysta krew,1982,Kolumbia,Tropikalny Gotyk,https://www.nowehoryzonty.pl/program/26/czysta-krew,Luis Ospina,"Luis Ospina, Alberto Quiroga",Ramón F. Suárez,Luis Ospina,,José Hernán Valenzuela scenografia Karen Lamassonne,"Rodrigo Castaño, Luis Ospina",,"Gilberto Forero, Carlos Mayolo, Florina Lemaitre, Humberto Arango, Luis Alberto García, Nelly Delgado",
Gąska,2025,"Meksyk, Argentyna",Tropikalny Gotyk,https://www.nowehoryzonty.pl/program/26/gaska,Karla Badillo,Karla Badillo,Diana Garay,Loli Moriconi,"Josh Madoff kostiumy Juan de Dios Ramírez, Alberto Escamilla de la Garza scenografia Ana J. Bellido",,"Federico Eibuszyc, Karla Badillo, María José Córdova, Federico Sande Novo","Pina Films, Las Jaras, Pucará Cine, Año Cero","Natalia Solián, Cecilia Suárez, Cristel Guadalupe Nuñez, Leonardo Ortizgris, Gerardo Trejo-Luna, Raúl Briones, Enrique Arreola, Gabriela Nuñez, Natalia Placencia",
Jak przycinać róże,2026,"Niemcy, Włochy, Hiszpania, Wielka Brytania, USA",Tropikalny Gotyk,https://www.nowehoryzonty.pl/program/26/jak-przycinac-roze,Karim Aïnouz,"Marco Bellocchio, Efthimis Filippou",Hélène Louvart,"Dávid Jancsó, Ilka Janka Nagy, Heike Parplies","Matthew Herbert kostiumy Bina Daigeler scenografia Rodrigo Martirena charakteryzacja Alma Casal, Natie Cortez",,"Viola Fügen, Simone Gattoni, Michael Weber, Vladimir Zemtsov","The Match Factory, Kavac Film, Sur-Film, Crybaby Films, The Apartment","Elle Fanning, Jamie Bell, Callum Turner, Pamela Anderson, Lukas Gage, Riley Keough",
Jaripeo,2026,"Meksyk, USA, Francja",Tropikalny Gotyk,https://www.nowehoryzonty.pl/program/26/jaripeo,"Rebecca Zweig, Efraín Mojica","Analía Goethals, Rebecca Zweig, Efraín Mojica","Josué Eber Morales, Gerardo Guerra",Analía Goethals,"Emilia Ezeta, Marton Radics",,Sarah Strunin,"Jaripeo Documentary LLC, ITVS International, Fiasco, Survivance",,
Kamienie szlachetne,2026,"Kolumbia, Portugalia",Tropikalny Gotyk,https://www.nowehoryzonty.pl/program/26/kamienie-szlachetne,Simón Vélez,Paulo Carneiro,"Mauricio Reyes, Liberman Arango",Juan Cañola,Carlos Quebrada,"Daniel Giraldo, Juanma López","Simón Vélez, Paulo Carneiro","Triángulo, Bam Bam Cinema","Juan Lugo, Laura Taurines, Sofía Jaramillo, Yira Plaza, Daniel Cortés, Chiara Spolaor",
Pasja według GHB,2026,Brazylia,Tropikalny Gotyk,https://www.nowehoryzonty.pl/program/26/pasja-wedlug-ghb,"Gustavo Vinagre, Vinicius Couto",Gustavo Vinagre,Matheus da Rocha Pereira,Gabriel Fausztino,João Marcos de Almeida scenografia Gustavo Vinagre,,Gustavo Vinagre,Carneiro Verde Filmes,"Vinicius Couto, Rodrigo Campos, Luciano Falcão, Jessé Jorge, Igor Mo, Christiane Tricerri",
Pływacy,2026,"Argentyna, Meksyk, USA",Tropikalny Gotyk,https://www.nowehoryzonty.pl/program/26/plywacy,Sol Iglesias SK,Sol Iglesias SK,Sofía Lizzoli,Florencia Gómez García,"Francisco Loira, Pablo Mondragon",Ricardo Arteaga,"Valentina D'Emilio, Martín Szereszevsky","Los nadadores cine, Benuca Films, Filmulation","Joaquín Fretes, Tobías Reizes, Valentina D'Emilio, Sol Iglesias SK, Iván Ursul",
Posiadłość Araucaima,1985,Kolumbia,Tropikalny Gotyk,https://www.nowehoryzonty.pl/program/26/posiadlosc-araucaima,Carlos Mayolo,"Carlos Mayolo, Álvaro Mutis, Julio Olaciregui",Rodrigo Lalinde,"Karen Lamassonne, Luis Ospina","Germán Arrieta, Carlitos Gómez",Gustavo de la Hoz scenografia Miguel González,Bertha de Carvajal,"FOCINE, Producctiones Rodaje Ltd.","Adriana Herrán, José Lewgoy, Vicky Hernández, Carlos Mayolo",
Śmierć nie ma pana,2026,"Wenezuela, Włochy, Kanada, Luksemburg, Hiszpania, Meksyk",Tropikalny Gotyk,https://www.nowehoryzonty.pl/program/26/smierc-nie-ma-pana,Jorge Thielen Armand,Jorge Thielen Armand,Luis Armando Arteaga,Felipe Guerrero,Vittorio Giampietro,Sylvain Bellemare kostiumy Marisela Marin scenografia Matías Tikas,"Stefano Centini, Arantza Maldonado, Jorge Thielen Armand","La Faena, Volos Films, Faits Divers Media, Deal Productions, TRES Cinematografía, Forerunner Films, The Godmother","Asia Argento, Dogreika Tovar, Jorge Thielen Hedderich, Jericó Montilla, Arturo Rodríguez",
Bez ojca,2011,Austria,Retrospektywa: Marie Kreutzer,https://www.nowehoryzonty.pl/program/26/bez-ojca,Marie Kreutzer,Marie Kreutzer,Leena Koppe,Ulrike Kofler,David Hebenstreit kostiumy Veronika Albert scenografia Martin Reiter charakteryzacja Sam Dopona,,"Robert Buchschwenter, Alexander Glehr, Franz Novotny, Ursula Wolschlager","Novotny & Novotny Filmproduktion GmbH, KGP Filmproduktion, Witcraft Filmproduktion","Andreas Kiendl, Andrea Wenzl, Emily Cox, Philipp Hochmair, Marion Mitterhammer",
Byliśmy cool,2016,Austria,Retrospektywa: Marie Kreutzer,https://www.nowehoryzonty.pl/program/26/bylismy-cool,Marie Kreutzer,Marie Kreutzer,Leena Koppe,Ulrike Kofler,"Florian Blauensteiner kostiumy Monika Buttinger scenografia Martin Reiter charakteryzacja Sam Dopona, Verena Eichtinger",,"Alexander Glehr, Franz Novotny","Novotny & Novotny Filmproduktion GmbH, Witcraft Filmproduktion","Vicky Krieps, Pia Hierzegger, Pheline Roggan, Marcel Mohab, Manuel Rubey, Andreas Kiendl",
Gruber nas opuszcza,2015,Austria,Retrospektywa: Marie Kreutzer,https://www.nowehoryzonty.pl/program/26/gruber-nas-opuszcza,Marie Kreutzer,"Doris Knecht (powieść/novel), Marie Kreutzer",Leena Koppe,Ulrike Kofler,"Florian Blauensteiner, Florian Horwath kostiumy Monika Buttinger scenografia Martin Reiter charakteryzacja Sam Dopona, Verena Eichtinger",,"Helmut Grasser, Constanze Schumann",Allegro Film,"Manuel Rubey, Bernadette Heerwagen, Doris Schretzmayer",
W gorsecie,2022,"Austria, Luksemburg, Niemcy, Francja",Retrospektywa: Marie Kreutzer,https://www.nowehoryzonty.pl/program/26/w-gorsecie,Marie Kreutzer,Marie Kreutzer,Judith Kaufmann,"Ulrike Kofler kostiumy Monika Buttinger scenografia Martin Reiter charakteryzacja Maike Heinlein, Judith Kröher",,,"Alexander Glehr, Johanna Scherz","Film AG, Samsa Film, Komplizen Film polski dystrybutor M2 Films","Vicky Krieps, Florian Teichtmeister, Katharina Lorenz, Jeanne Werner, Alma Hasun",
Ziemia pod nogami,2019,Austria,Retrospektywa: Marie Kreutzer,https://www.nowehoryzonty.pl/program/26/ziemia-pod-nogami,Marie Kreutzer,Marie Kreutzer,Leena Koppe,Ulrike Kofler,"Kyrre Kvam kostiumy Monika Buttinger scenografia Martin Reiter charakteryzacja Sam Dopona, Maike Heinlein, Martha Ruess, Karoline Strobl, Penelope Uttenthaler",,"Alexander Glehr, Franz Novotny",Novotny & Novotny Filmproduktion GmbH,"Valerie Pachner, Pia Hierzegger, Mavie Hörbiger, Michelle Barthel, Marc Benjamin, Dominic Marcus Singer",
Adopcja,1975,Węgry,Retrospektywa: Márta Mészáros,https://www.nowehoryzonty.pl/program/26/adopcja,Márta Mészáros,"Ferenc Grunwalsky, Gyula Hernádi, Márta Mészáros","Lajos Koltai, Márta Mészáros",Éva Kármentő,György Kovács kostiumy Zsuzsa Vicze scenografia Tamás Banovich charakteryzacja Attila Ungvári,,,"Hungarofilm, Hunnia Filmstúdió","Kati Berek, Gyöngyvér Vigh, László Szabó, Péter Fried",
Dziennik dla moich dzieci,1984,Węgry,Retrospektywa: Márta Mészáros,https://www.nowehoryzonty.pl/program/26/dziennik-dla-moich-dzieci,Márta Mészáros,Márta Mészáros,Nyika Jancsó,Éva Kármentő,Zsolt Döme kostiumy Fanny Kemenes scenografia Éva Martin,,,Budapest Filmstúdió,"Zsuzsa Czinkóczi, Anna Polony, Jan Nowicki, Mari Szemes",
Dziennik dla moich ukochanych,1987,Węgry,Retrospektywa: Márta Mészáros,https://www.nowehoryzonty.pl/program/26/dziennik-dla-moich-ukochanych,Márta Mészáros,"Márta Mészáros, Éva Pataki",Nyika Jancsó,Éva Kármentő,Zsolt Döme kostiumy Fanny Kemenes scenografia Éva Martin,,Gábor Hanák,"Mafilm, Mozgóképforgalmazási Vállalat (MOKÉP), Hungarofilm","Zsuzsa Czinkóczi, Anna Polony, Jan Nowicki, Irina Kouberskaya, Jerzy Bińczycki",
Dziennik dla mojego ojca i matki,1990,Węgry,Retrospektywa: Márta Mészáros,https://www.nowehoryzonty.pl/program/26/dziennik-dla-mojego-ojca-i-matki,Márta Mészáros,"Márta Mészáros, Éva Pataki",Nyika Jancsó,Éva Kármentő,Zsolt Döme kostiumy Fanny Kemenes scenografia Éva Martin,,Gábor Hanák,"Budapest Filmstúdió, Hungarofilm","Zsuzsa Czinkóczi, Anna Polony, Jan Nowicki, Mari Töröcsik, Ildikó Bánsági",
Dziewczyna,1968,Węgry,Retrospektywa: Márta Mészáros,https://www.nowehoryzonty.pl/program/26/dziewczyna,Márta Mészáros,Márta Mészáros,Tamás Somló,Zoltán Farkas,Levente Szörényi kostiumy Piroska Katona scenografia Tamás Banovich charakteryzacja György Ivanicza,,,MAFILM Stúdió 4,"Kati Kovács, Teri Horváth",
Dziewięć miesięcy,1976,Węgry,Retrospektywa: Márta Mészáros,https://www.nowehoryzonty.pl/program/26/dziewiec-miesiecy,Márta Mészáros,"Gyula Hernádi, Ildikó Kórody, Márta Mészáros",János Kende,Éva Kármentõ,György Kovács kostiumy Judit Schäffer scenografia Tamás Banovich,,,"Hungarofilm, Hunnia Filmstúdió","Lili Monori, Jan Nowicki",
"Nie płaczcie, ślicznotki!",1970,Węgry,Retrospektywa: Márta Mészáros,https://www.nowehoryzonty.pl/program/26/nie-placzcie-slicznotki,Márta Mészáros,"Károly Bari, Péter Zimre",János Kende,Zoltán Farkas,"János Baksa Soós, Károly Frenreisz, Miklós Orszáczky, Levente Szörényi, Zorán Sztevanovity, László Tolcsvay scenografia Tamás Banovich",,,MAFILM Stúdió 1,"Jaroslava Schallerová, Márk Zala, Lajos Balázsovits",
One dwie,1977,Węgry,Retrospektywa: Márta Mészáros,https://www.nowehoryzonty.pl/program/26/one-dwie,Márta Mészáros,"József Balázs, Géza Bereményi, Ildikó Kórody, Márta Mészáros",János Kende,Éva Kármentõ,György Kovács kostiumy Ildikó Szabó scenografia Tamás Banovich charakteryzacja Adrienne Király,,,Dialóg Filmstúdió,"Marina Vlady, Lili Monori, Jan Nowicki, Zsuzsa Czinkóczi",
Swobodny oddech,1973,Węgry,Retrospektywa: Márta Mészáros,https://www.nowehoryzonty.pl/program/26/swobodny-oddech,Márta Mészáros,Márta Mészáros,Lajos Koltai,Zoltán Farkas,Levente Szörényi kostiumy Géza Hiling scenografia Tilda Gáti charakteryzacja Adrienne Király,,,Hunnia Filmstúdió,"Erzsébet Kútvölgyi, Gábor Nagy, Marianna Moór, József Székhelyi",
Dorian Gray w zwierciadle prasy brukowej,1984,Niemcy,Retrospektywa: Ulrike Ottinger,https://www.nowehoryzonty.pl/program/26/dorian-gray-w-zwierciadle-prasy-brukowej,Ulrike Ottinger,Ulrike Ottinger,Ulrike Ottinger,Eva Schlensag,"Peer Raben, Patricia Jünger kostiumy Gisela Storch scenografia Ulrike Ottinger charakteryzacja Axel Zornow, Siegfried Aé",,Ulrike Ottinger,Ulrike Ottinger Filmproduktion,"Veruschka von Lehndorff, Delphine Seyrig, Tabea Blumenschein, Toyo Tanaka, Magdalena Montezuma, Irm Hermann, Claus-Dietrich Streuber",
Freak Orlando,1981,Niemcy,Retrospektywa: Ulrike Ottinger,https://www.nowehoryzonty.pl/program/26/freak-orlando,Ulrike Ottinger,Ulrike Ottinger,Ulrike Ottinger,Dörte Völz-Mammarella,Wilhelm D. Siebert,"Margit Eschenbach kostiumy Jorge Jara charakteryzacja Ursula Drews, Karin Seebach-Lück","Renée Gundelach, Sibylle Hubatschek-Rahn","Ulrike Oettinger Filmproduktion, Pia Frankenberg Filmproduktion, ZDF","Magdalena Montezuma, Delphine Seyrig, Hans Langerschlanger, Eddie Constantine",
Madame X – absolutna władczyni,1978,Niemcy,Retrospektywa: Ulrike Ottinger,https://www.nowehoryzonty.pl/program/26/madame-x-absolutna-wladczyni,Ulrike Ottinger,Ulrike Ottinger,Ulrike Ottinger,Dörte Völz,"Eric Satie, Gioacchino Rossini, Reynaldo Hahn, Francis Poulenc kostiumy Tabea Blumenschein, Hella Utesch, Claudia Skoda scenografia Ulrike Ottinger charakteryzacja Tabea Blumenschein",,"Ulrike Ottinger, Helmut Wietz",Ulrike Ottinger Filmproduktion,"Tabea Blumenschein, Yvonne Rainer, Claudia Skoda, Roswitha Janz, Monika von Cube, Irena von Lichtenstein, La Mona, Lutze, Jean Matelot, Mireille Wunderly",
Mongolska Joanna d’Arc,1989,Niemcy,Retrospektywa: Ulrike Ottinger,https://www.nowehoryzonty.pl/program/26/mongolska-joanna-darc,Ulrike Ottinger,Ulrike Ottinger,Ulrike Ottinger,Dörte Völz,Wilhelm Dieter Siebert kostiumy Gisela Storch scenografia Ulrike Ottinger charakteryzacja Berthold Sack,,"Ulrike Ottinger, Renée Gundelach","Ulrike Ottinger Filmproduktion, ZDF, La Sept","Delphine Seyrig, Peter Kern, Irm Hermann, Gillian Scalici, Inès Sastre, Schurenhuar, Nougzar Sharia, Christoph Eichhorn, Hurch Baatar",
Paryskie kaligramy,2020,"Niemcy, Francja",Retrospektywa: Ulrike Ottinger,https://www.nowehoryzonty.pl/program/26/paryskie-kaligramy,Ulrike Ottinger,Ulrike Ottinger,Ulrike Ottinger,Anette Fleming,"Detlef Schitto scenografia Ulrike Ottinger, Aurore Vullierme",,"Kornelia Theune, Thomas Kufus, Pierre-Olivier Bardet","Zero One, Ideale Audience, INA, ZDF/3sat, Ulrike Ottinger Filmproduktion",Ulrike Ottinger,
Portret pijaczki,1979,Niemcy,Retrospektywa: Ulrike Ottinger,https://www.nowehoryzonty.pl/program/26/portret-pijaczki,Ulrike Ottinger,Ulrike Ottinger,Ulrike Ottinger,Ila von Hasperg,Peer Raben kostiumy Tabea Blumenschein scenografia Detlef Pleschke charakteryzacja Detlef Pleschke,,Ulrike Ottinger,Ulrike Ottinger Filmproduktion,"Tabea Blumenschein, Magdalena Montezuma, Nina Hagen, Günter Meisner, Lutze, Orpha Termin, Monika von Cube, Paul Glauer, Volker Spengler, Martin Kippenberger, Wolf Vostell",
Prater,2007,"Austria, Niemcy",Retrospektywa: Ulrike Ottinger,https://www.nowehoryzonty.pl/program/26/prater,Ulrike Ottinger,Ulrike Ottinger,Ulrike Ottinger,Bettina Blickwede,"Die Spezies - Gregor Mörth, Johan Stromberger kostiumy Art for Art-Wien, Annette Beaufaÿs, Benno Wand scenografia Ulrike Ottinger charakteryzacja Beate Lentsch-Bayerl",,"Kurt Mayer, Ulrike Ottinger","Kurt Mayer Films, Ulrike Ottinger Filmproduktion, WDR, ORF","Elfriede Jelinek, Elfriede Gerstl, Ursula Storch, Werner Schwarz, Herbert J. Wimmer, Veruschka von Lehndorff, Robert Kaldy-Karo, Peter Fitz",
Zestaw Ulrike Ottinger: Laokoon i synowie + Uwiedzenie niebieskich marynarzy,,,Retrospektywa: Ulrike Ottinger,https://www.nowehoryzonty.pl/program/26/ulrike-ottinger-laokoon-uwiedzenie,Ulrike Ottinger,"Chiquita Brook (aka Xavier Arroyuelo), Ulrike Ottinger",Ulrike Ottinger,Ulrike Ottinger kostiumy Tabea Blumenschein scenografia Ulrike Ottinger charakteryzacja Tabea Blumenschein,,,"Ulrike Ottinger, Irene Weitz, Adelheid Westphal",Ulrike Ottinger Filmproduktion,Tabea Blumenschein,
Freak Show,2026,Polska,Retrospektywa: Łukasz Ronduda,https://www.nowehoryzonty.pl/program/26/freak-show,"Łukasz Ronduda, Filip Pawlak","Łukasz Ronduda, Filip Pawlak",Ignacy Ciszewski,Agata Cierniak,Robert Piotrowicz,"Jan Moszumański, Tomasz Dukszta","Kinga Tasarek, Klaudia Śmieja-Rostworowska","Madants sp. z o.o., Black Photon sp. z o.o., Wytwórnia Filmów Dokumentalnych i Fabularnych","Nadia Markiewicz, Babcia, Agata Wąsik, Daniel Kotowski, Marcel Pieczonka, Mariana Hernandez, Filip Pawlak",
Lot,2022,Polska,Retrospektywa: Łukasz Ronduda,https://www.nowehoryzonty.pl/program/26/lot,"Łukasz Ronduda, Anna Zakrzewska","Łukasz Ronduda, Anna Zakrzewska","Nicolas Villegas, Magdalena Seweryn, Marcin Lesisz, Tomasz Wolski",Nikodem Chabior,Lubomir Grzelak,"Janusz Dąbkiewicz, Anna Gawlita",Anna Gawlita,Kijora Film,,
Performer,2015,Polska,Retrospektywa: Łukasz Ronduda,https://www.nowehoryzonty.pl/program/26/performer,"Łukasz Ronduda, Maciej Sobieszczański","Maciej Sobieszczański, Łukasz Ronduda","Łukasz Gutt PSC, archival footage","Rafał Listopad PSM, Mateusz Romaszkan","Antoni Komasa-Łazarkiewicz kostiumy Marta Ostrowicz scenografia Joanna Kaczyńska charakteryzacja Sylwia Dynerowicz, Olga Nejbauer",,"Kuba Kosma, Wojciech Marczewski","Wajda Studio, Artcore, Film Factory, Heliograf, Telewizja Polska S.A., Kosma Films, Art Stations Foundation","Oskar Dawicki, Agata Buzek, Andrzej Chyra, Zbigniew Warpechowski, Anda Rottenberg, Jakub Gierszał, Arkadiusz Jakubik, Katarzyna Zawadzka",
Rave,2024,Polska,Retrospektywa: Łukasz Ronduda,https://www.nowehoryzonty.pl/program/26/rave-2024,"Łukasz Ronduda, Dawid Nickel","Łukasz Ronduda, Dawid Nickel",Michał Pukowiec,"Agata Cierniak, Kamil Grzybowski, Igor Kaczmarek",DJ Lotos scenografia Jana Łączyńska charakteryzacja Kamila Jankowska,,Izabela Kiszka-Hoflik,IKH Pictures Promotion,,
Serce miłości,2017,Polska,Retrospektywa: Łukasz Ronduda,https://www.nowehoryzonty.pl/program/26/serce-milosci,Łukasz Ronduda,Robert Bolesto,Łukasz Gutt,"Przemysław Chruścielewski, Alan Zejer, Nikodem Chabior","Wojciech Bąkowski kostiumy Justyna Gwizd, Małgorzata Karpiuk scenografia Joanna Kaczyńska",,Kuba Kosma,serce,"Justyna Wasilewska, Jacek Poniedziałek, Magdalena Cielecka, Wojciech Bąkowski, Zuzanna Bartoszek",
Wszystkie nasze strachy,2021,Polska,Retrospektywa: Łukasz Ronduda,https://www.nowehoryzonty.pl/program/26/wszystkie-nasze-strachy,"Łukasz Gutt, Łukasz Ronduda","Michał Oleszczyk, Łukasz Ronduda, Katarzyna Sarnowska",Łukasz Gutt,"Przemysław Chruścielewski, Kamil Grzybowski","Paweł Juzwuk, Igor Kłaczyński, Marcin Lenarczyk, Bartosz Łupiński kostiumy Kalina Lach scenografia Joanna Kaczyńska",,"Kuba Kosma, Katarzyna Sarnowska",serce,"Dawid Ogrodnik, Maria Maj, Andrzej Chyra, Oskar Rybaczek, Jacek Poniedziałek",
Arru,2026,"Norwegia, Szwecja, Finlandia",Oslo / Reykjavik,https://www.nowehoryzonty.pl/program/26/arru,Elle Sofe Sara,"Johan Fasting, Elle Sofe Sara",Cecilie Semec,Michał Leszczyłowski,John Erik Kaada,Gustaf Berger scenografia Otto Lume,Elisa Fernanda Pirir,"Bord Cadre Films, Elle Sofe Company, Garagefilm International, International Sámi Film Institute, It's Alive Films, Mer Film, Staer","Anitta Suikkari, Mikkel Gaup, Ayla Gáren Audhild P. Nutti, Simon Issát Marainen, Sara Marielle Gaup",
Niezbyt wygórowane oczekiwania,2026,"Norwegia, Dania",Oslo / Reykjavik,https://www.nowehoryzonty.pl/program/26/niezbyt-wygorowane-oczekiwania,Eivind Landsvik,Eivind Landsvik,Andreas Bjørseth,Patrick Larsgaard,"Frederikke Hoffmeier, Bendik Hovik Kjeldsberg kostiumy Abebo Josephine Bø Getachew scenografia Sunniva Rostad charakteryzacja Katarina Fedøy",,Izabela Kiszka-Hoflik,Maipo Film AS polski dystrybutor Aurora Films,"Marie Ulven, Tone Mostraum, Embla Berntsen, Anders Danielsen Lie, Snorre Kind Monsson",
Sny o miłości,2024,Norwegia,Oslo / Reykjavik,https://www.nowehoryzonty.pl/program/26/sny-o-milosci,Dag Johan Haugerud,Dag Johan Haugerud,Cecilie Semec,Jens Christian Fodstad,Anna Berg kostiumy Ida Toft,,"Hege Hauff Hvattum, Yngve Sæther","Motlys, Viaplay Group polski dystrybutor Stowarzyszenie Nowe Horyzonty","Ella Øverbye, Selome Emnetu, Ane Dahl Torp",
Wartość sentymentalna,2025,"Norwegia, Niemcy, Dania, Francja, Szwecja, Wielka Brytania, Turcja",Oslo / Reykjavik,https://www.nowehoryzonty.pl/program/26/wartosc-sentymentalna,Joachim Trier,"Eskil Vogt, Joachim Trier",Kasper Tuxen,Olivier Bugge Coutté,"Hania Rani kostiumy Ellen Dæhli Ystehede scenografia Josefin Åsberg, Jørgen Stangebye Larsen",,"Maria Ekerhovd, Andrea Berentsen Ottmar","Mer Film, Eye Eye Pictures, Lumen Production, Komplizen Film, BBC Film polski dystrybutor M2 Films","Renate Reinsve, Stellan Skarsgård, Inga Ibsdotter Lilleaas, Elle Fanning, Anders Danielsen Lie",
Shortlista zestaw 1,,,Shortlista,https://www.nowehoryzonty.pl/program/26/shortlista-zestaw-1,Jan Saczek,Jan Saczek,Patryk Roman,Aleksandra Kasprowicz,,Joanna Szczęsnowicz kostiumy Karolina Wojdasiewicz scenografia Ewa Kleszczewska charakteryzacja Karolina Wojdasiewicz,Krystyna Doktorowicz,Szkoła Filmowa im. Krzysztofa Kieślowskiego w Katowicach,"Aleksandra Skraba, Sebastian Dela, Leopold Surowiec, Violetta Smolińska",
Shortlista zestaw 2,,,Shortlista,https://www.nowehoryzonty.pl/program/26/shortlista-zestaw-2,Adam Porębowicz,"Dorota Chrobak, Adam Porębowicz",Weronika Bilska,Piasek & Wójcik,,"Anna Stadniczeńko kostiumy Olga Przylipiak scenografia Marta Pogoda charakteryzacja Magdalena Tarka, Weronika Skowrońska","Jerzy Kapuściński, Ewa Jastrzębska, Magdalena Tomanek",Studio Munka - Stowarzyszenie Filmowców Polskich,"Aleksandra Pisula, Aleksander Buczak, Jakub Snochowski, Maria Kania, Edyta Januszewska",
Shortlista zestaw 3,,,Shortlista,https://www.nowehoryzonty.pl/program/26/shortlista-zestaw-3,Julia Pełka,Julia Pełka,Szymon Kluz,"Mateusz Powszedniak, Julia Pełka",,Joanna Napieralska,Paulina Skibińska,Parallax Film,Julian Feleńczak,
Głos Hind Rajab,2025,"Tunezja, Francja, USA",Sezon,https://www.nowehoryzonty.pl/program/26/glos-hind-rajab,Kaouther Ben Hania,Kaouther Ben Hania,Juan Sarmiento G.,"Qutaiba Barhamji, Maxime Mathis, Kaouther Ben Hania kostiumy Khadjia Zeggai scenografia Bassem Marzouk charakteryzacja Marie Fischer, Amine Taher",,,"Nadim Cheikhrouha, Odessa Rae, James Wilson","Mime Films, Tanit Films polski dystrybutor Stowarzyszenie Nowe Horyzonty","Saja Kilani, Motaz Malhees, Clara Khoury, Amer Hlehel",
Harvest,2024,"Wielka Brytania, Niemcy, USA, Francja, Grecja",Sezon,https://www.nowehoryzonty.pl/program/26/harvest,Athina Rachel Tsangari,"Joslyn Barnes, Jim Crace, Athina Rachel Tsangari",Sean Price Williams,"Matthew Johnson, Nico Leunen kostiumy Kirsty Halliday scenografia Nathan Parker charakteryzacja Anita Brolly, Lisa McConville",,,"Joslyn Barnes, Marie-Elena Dyche, Viola Fügen, Rebecca O'Brien, Athina Rachel Tsangari","Sixteen Films, Louverture Films, The Match Factory polski dystrybutor Stowarzyszenie Nowe Horyzonty","Rosy McEwen, Harry Melling, Caleb Landry Jones, Frank Dillane",
Left-Handed Girl,2025,"Tajwan, Francja, USA, Wielka Brytania",Sezon,https://www.nowehoryzonty.pl/program/26/left-handed-girl,Tsou Shih-Ching,"Tsou Shih-Ching, Sean Baker","Chen Ko-Chin, Kao Tzu-Hao",Sean Baker,,,"Tsou Shih-Ching, Sean Baker, Mike Goodridge, Alice Labadie, Jean Labadie","Cinema Inutile, Good Chaos, Le Pacte polski dystrybutor So Films","Janel Tsai, Shih-Yuan Ma, Nina Ye, Brando Huang, Akio Chen, Xin-Yan Chao",
Łobuz,2025,"Wielka Brytania, USA",Sezon,https://www.nowehoryzonty.pl/program/26/lobuz,Harris Dickinson,Harris Dickinson,Josée Deshaies,Rafael Torres Calderon,Alan Myson kostiumy Cobbie Yates scenografia Anna Rhodes charakteryzacja Chantelle Fuller,,"Scott O'Donnell, Archie Pearch","British Film Institute (BFI), BBC Film, Devisio Pictures polski dystrybutor Gutek Film","Diane Axford, Frank Dillane, Murat Erkek",
Milcząca przyjaciółka,2025,"Niemcy, Węgry, Francja, Chiny",Sezon,https://www.nowehoryzonty.pl/program/26/milczaca-przyjaciolka,Ildikó Enyedi,"Ildikó Enyedi, Tina Kaiser, Corinne Le Hong",Gergely Pálos,Károly Szalai,"Kristóf Kelemen, Gábor Keresztes scenografia Imola Láng",,"Reinhard Brundig, Nicolas Elghozi, Mónika Mécs, Morgane Olivier","Pandora Filmproduktion, Inforg-M&M Film Kft., Galatée Films polski dystrybutor Gutek Film","Tony Leung Chiu-wai, Luna Wedler, Enzo Brumm, Léa Seydoux, Sylvester Groth",
Pillion,2025,"Irlandia, Wielka Brytania",Sezon,https://www.nowehoryzonty.pl/program/26/pillion,Harry Lighton,"Harry Lighton, Adam Mars-Jones",Nick Morris,Gareth C. Scales,Oliver Coates kostiumy Grace Snell scenografia Francesca Massariol,,"Lee Groombridge, Ed Guiney, Andrew Lowe, Emma Norton","BBC Film, British Film Institute (BFI), Fremantle Picturehouse Entertainment polski dystrybutor Gutek Film","Harry Melling, Alexander Skarsgård, Douglas Hodge",
Romería,2025,Hiszpania,Sezon,https://www.nowehoryzonty.pl/program/26/romeria,Carla Simón,Carla Simón,Hélène Louvart,"Sergio Jiménez, Ana Pfaff","Ernest Pipó kostiumy Anna Aguilà scenografia Mónica Bernuy charakteryzacja Patricia López, Paco Rodríguez H.",,"Olimpia Pont Chàfer, María Zamora, Àngels Masclans","3Cat, Comunidad de Madrid, Crea SGR polski dystrybutor Stowarzyszenie Nowe Horyzonty","Tristán Ulloa, Sara Casasnovas, Miryam Gallego",
Sirât,2025,"Hiszpania, Francja",Sezon,https://www.nowehoryzonty.pl/program/26/sirat,Oliver Laxe,"Santiago Fillol, Oliver Laxe",Mauro Herce,Cristóbal Fernández,"Kangding Ray kostiumy Nadia Acimi charakteryzacja Zaira Eva Adén, Micaela Pimentel, Lucía Solana",,"Agustín Almodóvar, Pedro Almodóvar, Domingo Corral, Xavi Font, Oliver Laxe, Oriol Maymó, Mani Mortazavi, Andrea Queralt","4 A 4 Productions, El Deseo, Filmes da Ermida polski dystrybutor Stowarzyszenie Nowe Horyzonty","Sergi López, Bruno Núñez Arjona, Stefania Gadda",
Wpatrując się w słońce,2025,Niemcy,Sezon,https://www.nowehoryzonty.pl/program/26/wpatrujac-sie-w-slonce,Mascha Schilinski,"Louise Peter, Mascha Schilinski",Fabian Gamper,Evelyn Rack,"Michael Fiedler, Eike Hosenfeld kostiumy Sabrina Krämer scenografia Cosima Vellenzer charakteryzacja Irina Schwarz, Anne-Marie Walther",,"Lasse Scharpen, Lucas Schmidt, Maren Schmitt, Burkhard Althoff, Melvina Kotios","Studio Zentral, Das kleine Fernsehspiel (ZDF) polski dystrybutor M2 Films","Hanna Heckt, Lena Urzendowsky, Susanne Wuest, Luise Heyer, Laeni Geiseler, Lea Drinda",
Zmartwychwstanie,2025,"Chiny, Francja, USA",Sezon,https://www.nowehoryzonty.pl/program/26/zmartwychwstanie,Bi Gan,Bi Gan,Jingsong Dong,Bi Gan,,Danfeng Li kostiumy Wen-Ying Huang,Charles Gillibert,"Huace Pictures, Dangmai Films (Shanghai), CG Cinéma polski dystrybutor Stowarzyszenie Nowe Horyzonty","Jackson Yee, Shu Qi, Mark Chao",
Cinema Paradiso,1988,"Włochy, Francja",Pokazy na Rynku,https://www.nowehoryzonty.pl/program/26/cinema-paradiso,Giuseppe Tornatore,"Giuseppe Tornatore, Vanna Paoli",Blasco Giurato,Mario Morra,Ennio Morricone kostiumy Beatrice Bordone scenografia Andrea Crisanti,,"Franco Cristaldi, Giovanna Romagnoli","Cristaldifilm, Les Films Ariane, Rai 3","Philippe Noiret, Jacques Perrin, Salvatore Cascio, Marco Leonardi, Enzo Cannavale, Antonella Attili, Isa Danieli",
Father Mother Sister Brother,2025,"USA, Włochy, Francja, Irlandia",Pokazy na Rynku,https://www.nowehoryzonty.pl/program/26/father-mother-sister-brother,Jim Jarmusch,Jim Jarmusch,"Frederick Elmes, Yorick Le Saux",Affonso Gonçalves,"Annika Henderson, Jim Jarmusch kostiumy Catherine George scenografia Marco Bittner Rosser, Mark Friedberg",,"Joshua Astrachan, Atilla Salih Yücer, Conor Barry, Arielle De Saint Phalle, Marieke Tricoire, Derrick Tseng","Animal Kingdom, CG Cinéma, Exoskeleton, Fremantle, Hail Mary Pictures, MUBI, Saint Laurent, The Apartment, badjetlag polski dystrybutor Gutek Film","Tom Waits, Adam Driver, Mayim Bialik, Charlotte Rampling, Cate Blanchett, Vicky Krieps",
Labirynt,1986,"Wielka Brytania, USA",Pokazy na Rynku,https://www.nowehoryzonty.pl/program/26/labirynt,Jim Henson,"Terry Jones, based on a story by Dennis Lee and Jim Henson",Alex Thomson,John Grover,"Trevor Jones, David Bowie kostiumy Ellis Flyte, Brian Froud scenografia Elliot Scott",,Eric Rattray,"Henson Associates, Lucasfilm, The Jim Henson Company, Delphi V Productions, TriStar Pictures","David Bowie, Jennifer Connelly, Toby Froud, Shelley Thompson, Christopher Malcolm",
"Miłość, która zostaje",2025,"Islandia, Dania, Szwecja, Francja",Pokazy na Rynku,https://www.nowehoryzonty.pl/program/26/milosc-ktora-zostaje,Hlynur Pálmason,Hlynur Pálmason,Hlynur Pálmason,Julius Krebs Damsbo,Harry Hunt kostiumy Nina Grønlund scenografia Frosti Fridriksson charakteryzacja Katrine Tersgov,,"Katrin Pors, Anton Máni Svansson","Still Vivid, Snowglobe Films, Hobab polski dystrybutor Stowarzyszenie Nowe Horyzonty","Ingvar Sigurdsson, Sverrir Gudnason, Saga Garðarsdóttir",
Na fali,1991,"USA, Japonia",Pokazy na Rynku,https://www.nowehoryzonty.pl/program/26/na-fali,Kathryn Bigelow,"Rick King, W. Peter Iliff",Donald Peterman,Howard E. Smith,Mark Isham scenografia Peter Jamison,,"Peter Abrams, Joseph Newton Cohen, Robert L. Levy","Largo Entertainment, JVC Entertainment Networks, Johnny Utah Productions, Tapestry Films","Patrick Swayze, Keanu Reeves, Gary Busey, Lori Petty, John C. McGinley",
Pokolenie,1955,Polska,Pokazy na Rynku,https://www.nowehoryzonty.pl/program/26/pokolenie,Andrzej Wajda,Bohdan Czeszko,Jerzy Lipman,Czesław Raniszewski,Andrzej Markowski kostiumy Jerzy Szeski scenografia Roman Mann charakteryzacja Zdzisław Papierz,,Ignacy Taub,Wytwórnia Filmów Fabularnych we Wrocławiu,"Tadeusz Łomnicki, Urszula Modrzyńska, Tadeusz Janczar, Roman Polański, Zbigniew Cybulski",
Ścieżki życia,2024,Wielka Brytania,Pokazy na Rynku,https://www.nowehoryzonty.pl/program/26/sciezki-zycia,Marianne Elliott,"Rebecca Lenkiewicz, Raynor Winn",Hélène Louvart,"Gareth C. Scales, Lucia Zucchetti",Chris Roe kostiumy Matthew Price scenografia Christina Moore,,"Elizabeth Karlsen, Beatriz Levin, Lloyd Levin, Stephen Woolley","BBC Film, Elliott & Harper, Lipsync Productions, Location Safety, Number 9 Films, Rocket Science, Shadowplay Features polski dystrybutor Gutek Film","Gillian Anderson, Jason Isaacs, Denis Lill, Rebecca Ineson, Tucker St. Ivany",
Tajemniczy ogród,1993,"USA, Wielka Brytania",Pokazy na Rynku,https://www.nowehoryzonty.pl/program/26/tajemniczy-ogrod,Agnieszka Holland,"Frances Hodgson Burnett, Caroline Thompson",Roger Deakins,Isabelle Lorente,Zbigniew Preisner kostiumy Marit Allen scenografia Stuart Craig,,"Fred Fuchs, Tom Luddy, Fred Roos","Warner Bros., American Zoetrope","Kate Maberly, Maggie Smith, Heydon Prowse, Maggie Smith",
Donnie Darko,2001,USA,OPT Zamek w Leśnicy,https://www.nowehoryzonty.pl/program/26/donnie-darko,Richard Kelly,Richard Kelly,Steven Poster,"Sam Bauer, Eric Strand",Michael Andrews art director Alec Hammond kostiumy April Ferry,,"Adam Fields, Nancy Juvonen, Sean McKittrick",Flower Films,"Jake Gyllenhaal, Jena Malone, Patrick Swayze, Drew Barrymore, Maggie Gyllenhaal, Holmes Osborne",
Duke of Burgundy. Reguły pożądania,2014,"Wielka Brytania, Węgry",OPT Zamek w Leśnicy,https://www.nowehoryzonty.pl/program/26/duke-of-burgundy-reguly-pozadania,Peter Strickland,Peter Strickland,Nicholas D. Knowland,Matyas Fekete,"Rachel Zeffira, Faris Badwan kostiumy Andrea Flesch scenografia Pater Sparrow",,Andrew Starke,"Rook Films, Pioneer Pictures polski dystrybutor Gutek Film","Sidse Babett Knudsen, Monica Swinn, Chiara D'Anna, Fatma Mohamed, Eszter Tompa",
Monty Python i Święty Graal,1975,Wielka Brytania,OPT Zamek w Leśnicy,https://www.nowehoryzonty.pl/program/26/monty-python-i-swiety-graal,"Terry Jones, Terry Gilliam","Graham Chapman, John Cleese, Eric Idle, Terry Gilliam, Terry Jones, Michael Palin",Terry Bedford,John Hackney,Fatz Waller kostiumy Hazel Pethig scenografia Roy Fordge Smith charakteryzacja Pam Luke,,"Mark Forstater, John Goldstone","Python (Monty) Pictures, Michael White Productions, National Film Trustee Company","Graham Chapman, John Cleese, Eric Idle, Terry Gilliam, Terry Jones, Michael Palin",
"Nad rzeką, której nie ma",1991,Polska,OPT Zamek w Leśnicy,https://www.nowehoryzonty.pl/program/26/nad-rzeka-ktorej-nie-ma,Andrzej Barański,"Andrzej Barański, Stanisław Czycz",Ryszard Lenczewski,Zbigniew Niciński,Henryk Kuźniak kostiumy Elżbieta Radke scenografia Paweł Mirowski charakteryzacja Barbara Marcinkowska,,,"Telewizja Polska, Studio Filmowe Oko","Marek Bukowski, Joanna Trzepiecińska, Adrianna Biedrzyńska, Miroslaw Baka, Tomasz Hudziec, Andrzej Mastalerz, Barbara Połomska, Krystyna Feldman",
Piknik pod Wiszącą Skałą,1975,Australia,OPT Zamek w Leśnicy,https://www.nowehoryzonty.pl/program/26/piknik-pod-wiszaca-skala,Peter Weir,Cliff Green,Russell Boyd,Max Lemon,Bruce Smeaton kostiumy Judith Dorsman,,"Hal McElroy, Jim McElroy",British Empire Films Australia polski dystrybutor Gutek Film,"Rachel Roberts, Vivean Gray, Helen Morse, Kirsty Child, Tony Llewellyn-Jones",
Pożegnania,1958,Polska,OPT Zamek w Leśnicy,https://www.nowehoryzonty.pl/program/26/pozegnania,Wojciech Has,"Stanisław Dygat, Wojciech Jerzy Has",Mieczysław Jahoda,Zofia Dwornik,Lucjan Kaszycki,Józef Koprowicz kostiumy Janusz Krasowski ZWiesława Chojkowska scenografia Roman Wołyniec charakteryzacja Zdzisław Papierz,Wilhelm Hollender,Zespół Filmowy Syrena,"Maria Wachowiak, Tadeusz Janczar, Gustaw Holoubek, Stanisław Jaworski, Stanisław Milski, Zdzisław Mrożewski, Irena Netto, Józef Pieracki, Irena Starkówna, Helena Sokołowska, Hanna Skarżanka, Jarema Stępowski, Saturnin Żórawski, Marian Beczkowski, Seweryn Butrym, Kazimierz Fabisiak, Teresa Gawlikowska, Bogumił Kobiela",
Chłopiec na krańcach świata,2025,"Polska, Turcja, Hiszpania",Młode Horyzonty,https://www.nowehoryzonty.pl/program/26/chlopiec-na-krancach-swiata,"Grzegorz Wacławek, Marta Szymańska","Kinga Krzemińska, Grzegorz Wacławek",,Przemek Chruścielewski,Mikołaj Stroiński,,Anna Głowińska,Animoon polski dystrybutor Stowarzyszenie Nowe Horyzonty,,
Góra mocy,2024,Nowa Zelandia,Młode Horyzonty,https://www.nowehoryzonty.pl/program/26/gora-mocy,Rachel House,"Rachel House, Tom Furniss",Matt Henley,"Cushla Dillon, Carly Turner",Troy Kingi,,"Desray Armstrong, Morgan Waru","Piki Films, Sandy Lane Productions polski dystrybutor Stowarzyszenie Nowe Horyzonty","Elizabeth Atkinson, Reuben Francis, Terence Daniel, Troy Kingi, Byron Coll, Fern Sutherland, Sukena Shah",
Miss Moxy. Kocia ekipa,2025,"Niderlandy, Belgia",Młode Horyzonty,https://www.nowehoryzonty.pl/program/26/miss-moxy-kocia-ekipa,"Vincent Bal, Wip Vernooij",Maureen Verspille,,,Steve Willaert,,"Burny Bos, Petra Goedings, Jolande Junte, Linda Snoep","Phanta Animation, BosBros polski dystrybutor Stowarzyszenie Nowe Horyzonty",,
Niesamowite przygody skarpetek 3. Ale kosmos!,2026,"Polska, Portugalia",Młode Horyzonty,https://www.nowehoryzonty.pl/program/26/skarpetki-3,"Elżbieta Wąsik, Paweł Wendorff",Justyna Bednarek,,Mateusz Kmieć,Andrzej Krauze polski dystrybutor Stowarzyszenie Nowe Horyzonty,,,,,
Pucio,2026,Polska,Młode Horyzonty,https://www.nowehoryzonty.pl/program/26/pucio,Marta Stróżycka,"Martyna Wojcieszek, Marta Galewska-Kustra, Rafał Skarżycki",,"Leszek Nowicki, Marika Piasecka, Urszula ""Rodia"" Ostrowska",Grzegorz Turnau,,,"EGoFILM sp. z o.o., Ewelina Gordziejuk, CANAL+ Polska S.A., PARIS HENDZEL Łukasz Hendzel polski dystrybutor Stowarzyszenie Nowe Horyzonty",,
Vincent. Legenda oceanu,2025,"Niemcy, Czechy, Kanada",Młode Horyzonty,https://www.nowehoryzonty.pl/program/26/vincent-legenda-oceanu,Reza Memari,"Reza Memari, Steven Majaury",,,Daníel Bjarnason,,"Maite Woköck, Fanny-Laure Malo, Jiri Mika","Telescope Animation, La Boîte à Fanny, PFX polski dystrybutor Stowarzyszenie Nowe Horyzonty",,
Kino organowe NFM – Furman śmierci,1921,Szwecja,Wydarzenia specjalne,https://www.nowehoryzonty.pl/program/26/furman-smierci,Victor Sjöström,"Selma Lagerlöf, Victor Sjöström","Julius Jaenzon scenografia Alexander Bakó, Axel Esbensen",,,,Charles Magnusson,Svensk Filmindustri (SF),"Victor Sjöström, Hilda Borgström, Tore Svennberg",
Netflix: 1670 (sezon 3) i otwarcie Panoramy 1670,2026,Polska,Wydarzenia specjalne,https://www.nowehoryzonty.pl/program/26/1670-sezon-3,"Maciej Buchwald, Kordian Kądziela",Jakub Rużyłło,Nils Croné FSF PSC,"Sebastian Mialik PSM, Magdalena Chowańska PSM, Anna Łuka PSM, Albert Bana PSM",Jerzy Rogiewicz kostiumy Katarzyna Lewińska scenografia Mirosław Koncewicz charakteryzacja Marta Szczerkowska,,Jan Kwieciński PGP,Akson Studio,"Bartłomiej Topa, Katarzyna Herman, Martyna Byczkowska, Michał Sikorski, Filip Zaręba, Andrzej Kłak, Dobromir Dymecki, Kirył Pietruczuk, Jędrzej Hycnar",
Netflix: Lalka,2026,Polska,Wydarzenia specjalne,https://www.nowehoryzonty.pl/program/26/netflix-lalka,Paweł Maślona,"Paweł Demirski, Jagoda Dutkiewicz, Paweł Maślona",Paweł Flis,"Magdalena Chowańska, Michał Czarnecki",BAASCH kostiumy Dorota Roqueplo scenografia Joanna Macha charakteryzacja Dariusz Krysiak,,Jan i Michał Kwiecińscy,Akson Studio,"Tomasz Schuchardt, Sandra Drzymalska, Dariusz Chojnacki, Jacek Braciak, Julia Wyszyńska, Magdalena Cielecka, Piotr Adamczyk, Agnieszka Grochowska, Monika Frajczyk, Maria Kania, Piotr Pacek, Mateusz Król, Małgorzata Hajewska‑Krzysztofik, Mirosław Zbrojewicz, Andrzej Deskur, Juliusz Chrząstowski, Radosław Krzyżowski, Henryk Niebudek",
